utterance_id,activation,valence,dominance,activation_norm,valence_norm,dominance_norm,source_file,emotion
Ses01F_script01_1_F000,4,4,3,0.75,0.75,0.5,Ses01F_script01_1_e1_atr.txt,excited
Ses01F_script01_1_F001,4,4,2,0.75,0.75,0.25,Ses01F_script01_1_e1_atr.txt,excited
Ses01F_script01_1_F002,3,3,3,0.5,0.5,0.5,Ses01F_script01_1_e1_atr.txt,happy
Ses01F_script01_1_F003,3,3,3,0.5,0.5,0.5,Ses01F_script01_1_e1_atr.txt,happy
Ses01F_script01_1_F004,4,4,2,0.75,0.75,0.25,Ses01F_script01_1_e1_atr.txt,excited
Ses01F_script01_1_F005,4,4,2,0.75,0.75,0.25,Ses01F_script01_1_e1_atr.txt,excited
Ses01F_script01_1_F006,3,4,3,0.5,0.75,0.5,Ses01F_script01_1_e1_atr.txt,happy
Ses01F_script01_1_F007,2,3,4,0.25,0.5,0.75,Ses01F_script01_1_e1_atr.txt,neutral
Ses01F_script01_1_F008,3,4,3,0.5,0.75,0.5,Ses01F_script01_1_e1_atr.txt,happy
Ses01F_script01_1_F009,3,3,3,0.5,0.5,0.5,Ses01F_script01_1_e1_atr.txt,happy
Ses01F_script01_1_F010,3,3,3,0.5,0.5,0.5,Ses01F_script01_1_e1_atr.txt,happy
Ses01F_script01_1_F011,2,3,4,0.25,0.5,0.75,Ses01F_script01_1_e1_atr.txt,neutral
Ses01F_script01_1_F012,3,3,4,0.5,0.5,0.75,Ses01F_script01_1_e1_atr.txt,happy
Ses01F_script01_1_F013,2,3,4,0.25,0.5,0.75,Ses01F_script01_1_e1_atr.txt,neutral
Ses01F_script01_1_F014,4,3,3,0.75,0.5,0.5,Ses01F_script01_1_e1_atr.txt,neutral
Ses01F_script01_1_F015,3,3,3,0.5,0.5,0.5,Ses01F_script01_1_e1_atr.txt,happy
Ses01F_script01_1_F016,3,3,3,0.5,0.5,0.5,Ses01F_script01_1_e1_atr.txt,happy
Ses01F_script01_1_F017,3,4,3,0.5,0.75,0.5,Ses01F_script01_1_e1_atr.txt,happy
Ses01F_script01_1_F018,3,3,3,0.5,0.5,0.5,Ses01F_script01_1_e1_atr.txt,happy
Ses01F_script01_1_F019,3,3,3,0.5,0.5,0.5,Ses01F_script01_1_e1_atr.txt,happy
Ses01F_script01_1_F020,2,3,4,0.25,0.5,0.75,Ses01F_script01_1_e1_atr.txt,neutral
Ses01F_script01_1_F021,2,3,4,0.25,0.5,0.75,Ses01F_script01_1_e1_atr.txt,neutral
Ses01F_script01_1_F022,2,3,3,0.25,0.5,0.5,Ses01F_script01_1_e1_atr.txt,neutral
Ses01F_script01_1_F023,3,3,3,0.5,0.5,0.5,Ses01F_script01_1_e1_atr.txt,happy
Ses01F_script01_1_F024,3,3,3,0.5,0.5,0.5,Ses01F_script01_1_e1_atr.txt,happy
Ses01F_script01_1_F025,2,3,4,0.25,0.5,0.75,Ses01F_script01_1_e1_atr.txt,neutral
Ses01F_script01_1_F026,3,3,3,0.5,0.5,0.5,Ses01F_script01_1_e1_atr.txt,happy
Ses01F_script01_1_F027,4,3,2,0.75,0.5,0.25,Ses01F_script01_1_e1_atr.txt,neutral
Ses01F_script01_1_F028,4,3,2,0.75,0.5,0.25,Ses01F_script01_1_e1_atr.txt,neutral
Ses01F_script01_1_F029,2,3,4,0.25,0.5,0.75,Ses01F_script01_1_e1_atr.txt,neutral
Ses01F_script01_1_F030,4,3,2,0.75,0.5,0.25,Ses01F_script01_1_e1_atr.txt,neutral
Ses01F_script01_1_F031,4,4,2,0.75,0.75,0.25,Ses01F_script01_1_e1_atr.txt,excited
Ses01F_script01_1_F032,4,4,3,0.75,0.75,0.5,Ses01F_script01_1_e1_atr.txt,excited
Ses01F_script01_1_F033,3,3,3,0.5,0.5,0.5,Ses01F_script01_1_e1_atr.txt,happy
Ses01F_script01_1_F034,2,3,3,0.25,0.5,0.5,Ses01F_script01_1_e1_atr.txt,neutral
Ses01F_script01_1_F035,2,4,4,0.25,0.75,0.75,Ses01F_script01_1_e1_atr.txt,content
Ses01F_script01_1_F036,2,3,4,0.25,0.5,0.75,Ses01F_script01_1_e1_atr.txt,neutral
Ses01F_script01_1_F037,2,4,4,0.25,0.75,0.75,Ses01F_script01_1_e1_atr.txt,content
Ses01F_script01_1_F038,2,4,4,0.25,0.75,0.75,Ses01F_script01_1_e1_atr.txt,content
Ses01F_script01_1_F039,3,3,4,0.5,0.5,0.75,Ses01F_script01_1_e1_atr.txt,happy
Ses01F_script01_1_F040,3,3,4,0.5,0.5,0.75,Ses01F_script01_1_e1_atr.txt,happy
Ses01F_script01_1_F041,1,4,5,0.0,0.75,1.0,Ses01F_script01_1_e1_atr.txt,content
Ses01F_script01_1_F042,1,4,5,0.0,0.75,1.0,Ses01F_script01_1_e1_atr.txt,content
Ses01F_script01_1_F043,3,3,3,0.5,0.5,0.5,Ses01F_script01_1_e1_atr.txt,happy
Ses01F_script01_1_F044,4,4,1,0.75,0.75,0.0,Ses01F_script01_1_e1_atr.txt,excited
Ses01F_script01_1_M000,4,3,3,0.75,0.5,0.5,Ses01F_script01_1_e1_atr.txt,neutral
Ses01F_script01_1_M001,3,3,3,0.5,0.5,0.5,Ses01F_script01_1_e1_atr.txt,happy
Ses01F_script01_1_M002,3,3,3,0.5,0.5,0.5,Ses01F_script01_1_e1_atr.txt,happy
Ses01F_script01_1_M003,4,3,2,0.75,0.5,0.25,Ses01F_script01_1_e1_atr.txt,neutral
Ses01F_script01_1_M004,4,3,2,0.75,0.5,0.25,Ses01F_script01_1_e1_atr.txt,neutral
Ses01F_script01_1_M005,4,3,2,0.75,0.5,0.25,Ses01F_script01_1_e1_atr.txt,neutral
Ses01F_script01_1_M006,3,3,3,0.5,0.5,0.5,Ses01F_script01_1_e1_atr.txt,happy
Ses01F_script01_1_M007,3,3,3,0.5,0.5,0.5,Ses01F_script01_1_e1_atr.txt,happy
Ses01F_script01_1_M008,3,3,4,0.5,0.5,0.75,Ses01F_script01_1_e1_atr.txt,happy
Ses01F_script01_1_M009,2,3,4,0.25,0.5,0.75,Ses01F_script01_1_e1_atr.txt,neutral
Ses01F_script01_1_M010,2,3,4,0.25,0.5,0.75,Ses01F_script01_1_e1_atr.txt,neutral
Ses01F_script01_1_M011,3,3,4,0.5,0.5,0.75,Ses01F_script01_1_e1_atr.txt,happy
Ses01F_script01_1_M012,4,3,2,0.75,0.5,0.25,Ses01F_script01_1_e1_atr.txt,neutral
Ses01F_script01_1_M013,3,3,3,0.5,0.5,0.5,Ses01F_script01_1_e1_atr.txt,happy
Ses01F_script01_1_M014,4,3,2,0.75,0.5,0.25,Ses01F_script01_1_e1_atr.txt,neutral
Ses01F_script01_1_M015,4,3,3,0.75,0.5,0.5,Ses01F_script01_1_e1_atr.txt,neutral
Ses01F_script01_1_M016,3,3,3,0.5,0.5,0.5,Ses01F_script01_1_e1_atr.txt,happy
Ses01F_script01_1_M017,3,3,3,0.5,0.5,0.5,Ses01F_script01_1_e1_atr.txt,happy
Ses01F_script01_1_M018,3,3,4,0.5,0.5,0.75,Ses01F_script01_1_e1_atr.txt,happy
Ses01F_script01_1_M019,2,4,4,0.25,0.75,0.75,Ses01F_script01_1_e1_atr.txt,content
Ses01F_script01_1_M020,2,3,4,0.25,0.5,0.75,Ses01F_script01_1_e1_atr.txt,neutral
Ses01F_script01_1_M021,3,4,3,0.5,0.75,0.5,Ses01F_script01_1_e1_atr.txt,happy
Ses01F_script01_1_M022,2,4,4,0.25,0.75,0.75,Ses01F_script01_1_e1_atr.txt,content
Ses01F_script01_1_M023,3,3,3,0.5,0.5,0.5,Ses01F_script01_1_e1_atr.txt,happy
Ses01F_script01_1_M024,4,3,2,0.75,0.5,0.25,Ses01F_script01_1_e1_atr.txt,neutral
Ses01F_script01_1_M025,4,3,3,0.75,0.5,0.5,Ses01F_script01_1_e1_atr.txt,neutral
Ses01F_script01_1_M026,3,4,4,0.5,0.75,0.75,Ses01F_script01_1_e1_atr.txt,happy
Ses01F_script01_1_M027,3,3,3,0.5,0.5,0.5,Ses01F_script01_1_e1_atr.txt,happy
Ses01F_script01_1_M028,2,4,2,0.25,0.75,0.25,Ses01F_script01_1_e1_atr.txt,content
Ses01F_script01_1_M029,3,3,4,0.5,0.5,0.75,Ses01F_script01_1_e1_atr.txt,happy
Ses01F_script01_1_M030,1,4,5,0.0,0.75,1.0,Ses01F_script01_1_e1_atr.txt,content
Ses01F_script01_1_M031,4,4,2,0.75,0.75,0.25,Ses01F_script01_1_e1_atr.txt,excited
Ses01F_script01_1_M032,2,3,4,0.25,0.5,0.75,Ses01F_script01_1_e1_atr.txt,neutral
Ses01F_script01_1_M033,3,4,4,0.5,0.75,0.75,Ses01F_script01_1_e1_atr.txt,happy
Ses01F_script01_1_M034,3,3,4,0.5,0.5,0.75,Ses01F_script01_1_e1_atr.txt,happy
Ses01F_script01_1_M035,3,3,3,0.5,0.5,0.5,Ses01F_script01_1_e1_atr.txt,happy
Ses01F_script01_1_M036,2,3,3,0.25,0.5,0.5,Ses01F_script01_1_e1_atr.txt,neutral
Ses01F_script01_1_M037,2,3,4,0.25,0.5,0.75,Ses01F_script01_1_e1_atr.txt,neutral
Ses01F_script01_1_M038,2,3,4,0.25,0.5,0.75,Ses01F_script01_1_e1_atr.txt,neutral
Ses01F_script01_1_M039,4,3,2,0.75,0.5,0.25,Ses01F_script01_1_e1_atr.txt,neutral
Ses01F_script01_1_M040,4,3,2,0.75,0.5,0.25,Ses01F_script01_1_e1_atr.txt,neutral
Ses01F_script01_1_M041,3,3,3,0.5,0.5,0.5,Ses01F_script01_1_e1_atr.txt,happy
Ses01F_script01_1_M042,2,3,4,0.25,0.5,0.75,Ses01F_script01_1_e1_atr.txt,neutral
Ses01F_script01_1_M043,3,3,3,0.5,0.5,0.5,Ses01F_script01_1_e1_atr.txt,happy
Ses01F_impro01_F000,4,3,2,0.75,0.5,0.25,Ses01F_impro01_e3_atr.txt,neutral
Ses01F_impro01_F001,4,3,2,0.75,0.5,0.25,Ses01F_impro01_e3_atr.txt,neutral
Ses01F_impro01_F002,4,3,2,0.75,0.5,0.25,Ses01F_impro01_e3_atr.txt,neutral
Ses01F_impro01_F003,3,3,3,0.5,0.5,0.5,Ses01F_impro01_e3_atr.txt,happy
Ses01F_impro01_F004,3,3,2,0.5,0.5,0.25,Ses01F_impro01_e3_atr.txt,happy
Ses01F_impro01_F005,3,3,2,0.5,0.5,0.25,Ses01F_impro01_e3_atr.txt,happy
Ses01F_impro01_F006,3,4,3,0.5,0.75,0.5,Ses01F_impro01_e3_atr.txt,happy
Ses01F_impro01_F007,3,3,3,0.5,0.5,0.5,Ses01F_impro01_e3_atr.txt,happy
Ses01F_impro01_F008,3,4,3,0.5,0.75,0.5,Ses01F_impro01_e3_atr.txt,happy
Ses01F_impro01_F009,3,4,2,0.5,0.75,0.25,Ses01F_impro01_e3_atr.txt,happy
Ses01F_impro01_F010,3,4,3,0.5,0.75,0.5,Ses01F_impro01_e3_atr.txt,happy
Ses01F_impro01_F011,3,4,3,0.5,0.75,0.5,Ses01F_impro01_e3_atr.txt,happy
Ses01F_impro01_F012,3,4,3,0.5,0.75,0.5,Ses01F_impro01_e3_atr.txt,happy
Ses01F_impro01_F013,3,4,3,0.5,0.75,0.5,Ses01F_impro01_e3_atr.txt,happy
Ses01F_impro01_F014,3,3,3,0.5,0.5,0.5,Ses01F_impro01_e3_atr.txt,happy
Ses01F_impro01_F015,3,3,3,0.5,0.5,0.5,Ses01F_impro01_e3_atr.txt,happy
Ses01F_impro01_M000,4,3,2,0.75,0.5,0.25,Ses01F_impro01_e3_atr.txt,neutral
Ses01F_impro01_M001,4,3,2,0.75,0.5,0.25,Ses01F_impro01_e3_atr.txt,neutral
Ses01F_impro01_M002,3,4,3,0.5,0.75,0.5,Ses01F_impro01_e3_atr.txt,happy
Ses01F_impro01_M003,3,3,3,0.5,0.5,0.5,Ses01F_impro01_e3_atr.txt,happy
Ses01F_impro01_M004,3,4,3,0.5,0.75,0.5,Ses01F_impro01_e3_atr.txt,happy
Ses01F_impro01_M005,3,4,3,0.5,0.75,0.5,Ses01F_impro01_e3_atr.txt,happy
Ses01F_impro01_M006,3,4,3,0.5,0.75,0.5,Ses01F_impro01_e3_atr.txt,happy
Ses01F_impro01_M007,3,3,2,0.5,0.5,0.25,Ses01F_impro01_e3_atr.txt,happy
Ses01F_impro01_M008,3,4,3,0.5,0.75,0.5,Ses01F_impro01_e3_atr.txt,happy
Ses01F_impro01_M009,3,3,3,0.5,0.5,0.5,Ses01F_impro01_e3_atr.txt,happy
Ses01F_impro01_M010,2,4,3,0.25,0.75,0.5,Ses01F_impro01_e3_atr.txt,content
Ses01F_impro01_M011,3,3,3,0.5,0.5,0.5,Ses01F_impro01_e3_atr.txt,happy
Ses01F_impro01_M012,5,3,1,1.0,0.5,0.0,Ses01F_impro01_e3_atr.txt,neutral
Ses01F_impro01_M013,2,3,4,0.25,0.5,0.75,Ses01F_impro01_e3_atr.txt,neutral
Ses01F_impro01_F000,3,4,3,0.5,0.75,0.5,Ses01F_impro01_e4_atr.txt,happy
Ses01F_impro01_F001,3,4,3,0.5,0.75,0.5,Ses01F_impro01_e4_atr.txt,happy
Ses01F_impro01_F002,3,4,3,0.5,0.75,0.5,Ses01F_impro01_e4_atr.txt,happy
Ses01F_impro01_F003,3,4,3,0.5,0.75,0.5,Ses01F_impro01_e4_atr.txt,happy
Ses01F_impro01_F004,3,4,3,0.5,0.75,0.5,Ses01F_impro01_e4_atr.txt,happy
Ses01F_impro01_F005,2,4,2,0.25,0.75,0.25,Ses01F_impro01_e4_atr.txt,content
Ses01F_impro01_F006,2,4,4,0.25,0.75,0.75,Ses01F_impro01_e4_atr.txt,content
Ses01F_impro01_F007,2,4,4,0.25,0.75,0.75,Ses01F_impro01_e4_atr.txt,content
Ses01F_impro01_F008,2,4,4,0.25,0.75,0.75,Ses01F_impro01_e4_atr.txt,content
Ses01F_impro01_F009,2,4,4,0.25,0.75,0.75,Ses01F_impro01_e4_atr.txt,content
Ses01F_impro01_F010,2,5,4,0.25,1.0,0.75,Ses01F_impro01_e4_atr.txt,content
Ses01F_impro01_F011,2,4,4,0.25,0.75,0.75,Ses01F_impro01_e4_atr.txt,content
Ses01F_impro01_F012,2,4,4,0.25,0.75,0.75,Ses01F_impro01_e4_atr.txt,content
Ses01F_impro01_F013,1,4,4,0.0,0.75,0.75,Ses01F_impro01_e4_atr.txt,content
Ses01F_impro01_F014,2,4,4,0.25,0.75,0.75,Ses01F_impro01_e4_atr.txt,content
Ses01F_impro01_F015,2,5,3,0.25,1.0,0.5,Ses01F_impro01_e4_atr.txt,content
Ses01F_impro01_M000,4,4,3,0.75,0.75,0.5,Ses01F_impro01_e4_atr.txt,excited
Ses01F_impro01_M001,4,4,3,0.75,0.75,0.5,Ses01F_impro01_e4_atr.txt,excited
Ses01F_impro01_M002,2,4,4,0.25,0.75,0.75,Ses01F_impro01_e4_atr.txt,content
Ses01F_impro01_M003,2,4,4,0.25,0.75,0.75,Ses01F_impro01_e4_atr.txt,content
Ses01F_impro01_M004,1,4,4,0.0,0.75,0.75,Ses01F_impro01_e4_atr.txt,content
Ses01F_impro01_M005,2,4,4,0.25,0.75,0.75,Ses01F_impro01_e4_atr.txt,content
Ses01F_impro01_M006,2,4,4,0.25,0.75,0.75,Ses01F_impro01_e4_atr.txt,content
Ses01F_impro01_M007,2,4,4,0.25,0.75,0.75,Ses01F_impro01_e4_atr.txt,content
Ses01F_impro01_M008,2,4,4,0.25,0.75,0.75,Ses01F_impro01_e4_atr.txt,content
Ses01F_impro01_M009,2,4,5,0.25,0.75,1.0,Ses01F_impro01_e4_atr.txt,content
Ses01F_impro01_M010,1,4,5,0.0,0.75,1.0,Ses01F_impro01_e4_atr.txt,content
Ses01F_impro01_M011,1,5,5,0.0,1.0,1.0,Ses01F_impro01_e4_atr.txt,content
Ses01F_impro01_M012,4,3,3,0.75,0.5,0.5,Ses01F_impro01_e4_atr.txt,neutral
Ses01F_impro01_M013,1,5,5,0.0,1.0,1.0,Ses01F_impro01_e4_atr.txt,content
Ses01F_impro02_F000,5,3,1,1.0,0.5,0.0,Ses01F_impro02_e3_atr.txt,neutral
Ses01F_impro02_F001,5,4,1,1.0,0.75,0.0,Ses01F_impro02_e3_atr.txt,excited
Ses01F_impro02_F002,5,4,1,1.0,0.75,0.0,Ses01F_impro02_e3_atr.txt,excited
Ses01F_impro02_F003,5,4,2,1.0,0.75,0.25,Ses01F_impro02_e3_atr.txt,excited
Ses01F_impro02_F004,5,3,2,1.0,0.5,0.25,Ses01F_impro02_e3_atr.txt,neutral
Ses01F_impro02_F005,5,4,2,1.0,0.75,0.25,Ses01F_impro02_e3_atr.txt,excited
Ses01F_impro02_F006,4,3,2,0.75,0.5,0.25,Ses01F_impro02_e3_atr.txt,neutral
Ses01F_impro02_F007,3,4,2,0.5,0.75,0.25,Ses01F_impro02_e3_atr.txt,happy
Ses01F_impro02_F008,4,4,1,0.75,0.75,0.0,Ses01F_impro02_e3_atr.txt,excited
Ses01F_impro02_F009,5,4,1,1.0,0.75,0.0,Ses01F_impro02_e3_atr.txt,excited
Ses01F_impro02_F010,5,4,1,1.0,0.75,0.0,Ses01F_impro02_e3_atr.txt,excited
Ses01F_impro02_F011,4,3,2,0.75,0.5,0.25,Ses01F_impro02_e3_atr.txt,neutral
Ses01F_impro02_F012,4,3,1,0.75,0.5,0.0,Ses01F_impro02_e3_atr.txt,neutral
Ses01F_impro02_F013,4,4,1,0.75,0.75,0.0,Ses01F_impro02_e3_atr.txt,excited
Ses01F_impro02_F014,4,4,1,0.75,0.75,0.0,Ses01F_impro02_e3_atr.txt,excited
Ses01F_impro02_F015,4,4,2,0.75,0.75,0.25,Ses01F_impro02_e3_atr.txt,excited
Ses01F_impro02_F016,5,4,2,1.0,0.75,0.25,Ses01F_impro02_e3_atr.txt,excited
Ses01F_impro02_F017,4,3,2,0.75,0.5,0.25,Ses01F_impro02_e3_atr.txt,neutral
Ses01F_impro02_F018,4,3,2,0.75,0.5,0.25,Ses01F_impro02_e3_atr.txt,neutral
Ses01F_impro02_F019,5,3,1,1.0,0.5,0.0,Ses01F_impro02_e3_atr.txt,neutral
Ses01F_impro02_F020,4,2,2,0.75,0.25,0.25,Ses01F_impro02_e3_atr.txt,afraid
Ses01F_impro02_M000,4,4,2,0.75,0.75,0.25,Ses01F_impro02_e3_atr.txt,excited
Ses01F_impro02_M001,4,4,2,0.75,0.75,0.25,Ses01F_impro02_e3_atr.txt,excited
Ses01F_impro02_M002,4,3,2,0.75,0.5,0.25,Ses01F_impro02_e3_atr.txt,neutral
Ses01F_impro02_M003,4,4,3,0.75,0.75,0.5,Ses01F_impro02_e3_atr.txt,excited
Ses01F_impro02_M004,4,4,1,0.75,0.75,0.0,Ses01F_impro02_e3_atr.txt,excited
Ses01F_impro02_M005,4,4,1,0.75,0.75,0.0,Ses01F_impro02_e3_atr.txt,excited
Ses01F_impro02_M006,4,4,1,0.75,0.75,0.0,Ses01F_impro02_e3_atr.txt,excited
Ses01F_impro02_M007,3,4,2,0.5,0.75,0.25,Ses01F_impro02_e3_atr.txt,happy
Ses01F_impro02_M008,5,3,1,1.0,0.5,0.0,Ses01F_impro02_e3_atr.txt,neutral
Ses01F_impro02_M009,5,4,2,1.0,0.75,0.25,Ses01F_impro02_e3_atr.txt,excited
Ses01F_impro02_M010,5,4,1,1.0,0.75,0.0,Ses01F_impro02_e3_atr.txt,excited
Ses01F_impro02_M011,5,3,2,1.0,0.5,0.25,Ses01F_impro02_e3_atr.txt,neutral
Ses01F_impro02_M012,4,3,1,0.75,0.5,0.0,Ses01F_impro02_e3_atr.txt,neutral
Ses01F_impro02_M013,4,4,1,0.75,0.75,0.0,Ses01F_impro02_e3_atr.txt,excited
Ses01F_impro02_M014,3,4,2,0.5,0.75,0.25,Ses01F_impro02_e3_atr.txt,happy
Ses01F_impro02_M015,4,3,1,0.75,0.5,0.0,Ses01F_impro02_e3_atr.txt,neutral
Ses01F_impro02_M016,5,4,2,1.0,0.75,0.25,Ses01F_impro02_e3_atr.txt,excited
Ses01F_impro02_F000,3,4,2,0.5,0.75,0.25,Ses01F_impro02_e4_atr.txt,happy
Ses01F_impro02_F001,4,4,2,0.75,0.75,0.25,Ses01F_impro02_e4_atr.txt,excited
Ses01F_impro02_F002,4,4,2,0.75,0.75,0.25,Ses01F_impro02_e4_atr.txt,excited
Ses01F_impro02_F003,3,4,2,0.5,0.75,0.25,Ses01F_impro02_e4_atr.txt,happy
Ses01F_impro02_F004,3,4,3,0.5,0.75,0.5,Ses01F_impro02_e4_atr.txt,happy
Ses01F_impro02_F005,3,4,3,0.5,0.75,0.5,Ses01F_impro02_e4_atr.txt,happy
Ses01F_impro02_F006,3,4,3,0.5,0.75,0.5,Ses01F_impro02_e4_atr.txt,happy
Ses01F_impro02_F007,2,4,4,0.25,0.75,0.75,Ses01F_impro02_e4_atr.txt,content
Ses01F_impro02_F008,4,5,2,0.75,1.0,0.25,Ses01F_impro02_e4_atr.txt,excited
Ses01F_impro02_F009,4,5,3,0.75,1.0,0.5,Ses01F_impro02_e4_atr.txt,excited
Ses01F_impro02_F010,4,4,3,0.75,0.75,0.5,Ses01F_impro02_e4_atr.txt,excited
Ses01F_impro02_F011,3,4,3,0.5,0.75,0.5,Ses01F_impro02_e4_atr.txt,happy
Ses01F_impro02_F012,4,2,2,0.75,0.25,0.25,Ses01F_impro02_e4_atr.txt,afraid
Ses01F_impro02_F013,4,5,3,0.75,1.0,0.5,Ses01F_impro02_e4_atr.txt,excited
Ses01F_impro02_F014,4,5,3,0.75,1.0,0.5,Ses01F_impro02_e4_atr.txt,excited
Ses01F_impro02_F015,3,4,3,0.5,0.75,0.5,Ses01F_impro02_e4_atr.txt,happy
Ses01F_impro02_F016,5,4,3,1.0,0.75,0.5,Ses01F_impro02_e4_atr.txt,excited
Ses01F_impro02_F017,2,2,3,0.25,0.25,0.5,Ses01F_impro02_e4_atr.txt,sad
Ses01F_impro02_F018,3,4,3,0.5,0.75,0.5,Ses01F_impro02_e4_atr.txt,happy
Ses01F_impro02_F019,4,4,3,0.75,0.75,0.5,Ses01F_impro02_e4_atr.txt,excited
Ses01F_impro02_F020,4,2,3,0.75,0.25,0.5,Ses01F_impro02_e4_atr.txt,neutral
Ses01F_impro02_M000,3,4,3,0.5,0.75,0.5,Ses01F_impro02_e4_atr.txt,happy
Ses01F_impro02_M001,3,4,3,0.5,0.75,0.5,Ses01F_impro02_e4_atr.txt,happy
Ses01F_impro02_M002,2,4,3,0.25,0.75,0.5,Ses01F_impro02_e4_atr.txt,content
Ses01F_impro02_M003,2,4,3,0.25,0.75,0.5,Ses01F_impro02_e4_atr.txt,content
Ses01F_impro02_M004,2,4,3,0.25,0.75,0.5,Ses01F_impro02_e4_atr.txt,content
Ses01F_impro02_M005,2,4,2,0.25,0.75,0.25,Ses01F_impro02_e4_atr.txt,content
Ses01F_impro02_M006,2,4,2,0.25,0.75,0.25,Ses01F_impro02_e4_atr.txt,content
Ses01F_impro02_M007,3,4,3,0.5,0.75,0.5,Ses01F_impro02_e4_atr.txt,happy
Ses01F_impro02_M008,4,4,3,0.75,0.75,0.5,Ses01F_impro02_e4_atr.txt,excited
Ses01F_impro02_M009,4,4,3,0.75,0.75,0.5,Ses01F_impro02_e4_atr.txt,excited
Ses01F_impro02_M010,3,4,2,0.5,0.75,0.25,Ses01F_impro02_e4_atr.txt,happy
Ses01F_impro02_M011,4,4,3,0.75,0.75,0.5,Ses01F_impro02_e4_atr.txt,excited
Ses01F_impro02_M012,4,4,3,0.75,0.75,0.5,Ses01F_impro02_e4_atr.txt,excited
Ses01F_impro02_M013,4,5,3,0.75,1.0,0.5,Ses01F_impro02_e4_atr.txt,excited
Ses01F_impro02_M014,3,5,1,0.5,1.0,0.0,Ses01F_impro02_e4_atr.txt,happy
Ses01F_impro02_M015,2,3,2,0.25,0.5,0.25,Ses01F_impro02_e4_atr.txt,neutral
Ses01F_impro02_M016,4,4,3,0.75,0.75,0.5,Ses01F_impro02_e4_atr.txt,excited
Ses01F_impro03_F000,3,2,3,0.5,0.25,0.5,Ses01F_impro03_e1_atr.txt,neutral
Ses01F_impro03_F001,3,2,3,0.5,0.25,0.5,Ses01F_impro03_e1_atr.txt,neutral
Ses01F_impro03_F002,3,2,3,0.5,0.25,0.5,Ses01F_impro03_e1_atr.txt,neutral
Ses01F_impro03_F003,2,1,4,0.25,0.0,0.75,Ses01F_impro03_e1_atr.txt,sad
Ses01F_impro03_F004,2,1,3,0.25,0.0,0.5,Ses01F_impro03_e1_atr.txt,sad
Ses01F_impro03_F005,2,2,3,0.25,0.25,0.5,Ses01F_impro03_e1_atr.txt,sad
Ses01F_impro03_F006,2,2,3,0.25,0.25,0.5,Ses01F_impro03_e1_atr.txt,sad
Ses01F_impro03_F007,3,2,3,0.5,0.25,0.5,Ses01F_impro03_e1_atr.txt,neutral
Ses01F_impro03_F008,3,2,3,0.5,0.25,0.5,Ses01F_impro03_e1_atr.txt,neutral
Ses01F_impro03_F009,3,2,3,0.5,0.25,0.5,Ses01F_impro03_e1_atr.txt,neutral
Ses01F_impro03_F010,3,2,4,0.5,0.25,0.75,Ses01F_impro03_e1_atr.txt,neutral
Ses01F_impro03_F011,3,2,3,0.5,0.25,0.5,Ses01F_impro03_e1_atr.txt,neutral
Ses01F_impro03_F012,2,2,3,0.25,0.25,0.5,Ses01F_impro03_e1_atr.txt,sad
Ses01F_impro03_F013,2,1,4,0.25,0.0,0.75,Ses01F_impro03_e1_atr.txt,sad
Ses01F_impro03_F014,2,2,3,0.25,0.25,0.5,Ses01F_impro03_e1_atr.txt,sad
Ses01F_impro03_F015,2,2,3,0.25,0.25,0.5,Ses01F_impro03_e1_atr.txt,sad
Ses01F_impro03_F016,3,2,2,0.5,0.25,0.25,Ses01F_impro03_e1_atr.txt,neutral
Ses01F_impro03_F017,3,3,3,0.5,0.5,0.5,Ses01F_impro03_e1_atr.txt,happy
Ses01F_impro03_F018,3,3,2,0.5,0.5,0.25,Ses01F_impro03_e1_atr.txt,happy
Ses01F_impro03_F019,4,3,2,0.75,0.5,0.25,Ses01F_impro03_e1_atr.txt,neutral
Ses01F_impro03_F020,3,2,3,0.5,0.25,0.5,Ses01F_impro03_e1_atr.txt,neutral
Ses01F_impro03_F021,2,3,3,0.25,0.5,0.5,Ses01F_impro03_e1_atr.txt,neutral
Ses01F_impro03_F022,3,3,2,0.5,0.5,0.25,Ses01F_impro03_e1_atr.txt,happy
Ses01F_impro03_F023,4,3,2,0.75,0.5,0.25,Ses01F_impro03_e1_atr.txt,neutral
Ses01F_impro03_F024,2,2,3,0.25,0.25,0.5,Ses01F_impro03_e1_atr.txt,sad
Ses01F_impro03_F025,2,2,4,0.25,0.25,0.75,Ses01F_impro03_e1_atr.txt,sad
Ses01F_impro03_F026,1,1,4,0.0,0.0,0.75,Ses01F_impro03_e1_atr.txt,sad
Ses01F_impro03_M000,3,2,3,0.5,0.25,0.5,Ses01F_impro03_e1_atr.txt,neutral
Ses01F_impro03_M001,3,2,3,0.5,0.25,0.5,Ses01F_impro03_e1_atr.txt,neutral
Ses01F_impro03_M002,3,2,3,0.5,0.25,0.5,Ses01F_impro03_e1_atr.txt,neutral
Ses01F_impro03_M003,1,1,4,0.0,0.0,0.75,Ses01F_impro03_e1_atr.txt,sad
Ses01F_impro03_M004,2,2,3,0.25,0.25,0.5,Ses01F_impro03_e1_atr.txt,sad
Ses01F_impro03_M005,3,2,3,0.5,0.25,0.5,Ses01F_impro03_e1_atr.txt,neutral
Ses01F_impro03_M006,3,2,3,0.5,0.25,0.5,Ses01F_impro03_e1_atr.txt,neutral
Ses01F_impro03_M007,2,2,3,0.25,0.25,0.5,Ses01F_impro03_e1_atr.txt,sad
Ses01F_impro03_M008,3,2,2,0.5,0.25,0.25,Ses01F_impro03_e1_atr.txt,neutral
Ses01F_impro03_M009,4,2,3,0.75,0.25,0.5,Ses01F_impro03_e1_atr.txt,neutral
Ses01F_impro03_M010,3,2,3,0.5,0.25,0.5,Ses01F_impro03_e1_atr.txt,neutral
Ses01F_impro03_M011,2,2,3,0.25,0.25,0.5,Ses01F_impro03_e1_atr.txt,sad
Ses01F_impro03_M012,2,2,4,0.25,0.25,0.75,Ses01F_impro03_e1_atr.txt,sad
Ses01F_impro03_M013,1,2,3,0.0,0.25,0.5,Ses01F_impro03_e1_atr.txt,sad
Ses01F_impro03_M014,2,2,3,0.25,0.25,0.5,Ses01F_impro03_e1_atr.txt,sad
Ses01F_impro03_M015,3,2,3,0.5,0.25,0.5,Ses01F_impro03_e1_atr.txt,neutral
Ses01F_impro03_M016,3,3,3,0.5,0.5,0.5,Ses01F_impro03_e1_atr.txt,happy
Ses01F_impro03_M017,3,2,3,0.5,0.25,0.5,Ses01F_impro03_e1_atr.txt,neutral
Ses01F_impro03_M018,4,3,3,0.75,0.5,0.5,Ses01F_impro03_e1_atr.txt,neutral
Ses01F_impro03_M019,3,3,3,0.5,0.5,0.5,Ses01F_impro03_e1_atr.txt,happy
Ses01F_impro03_M020,3,3,3,0.5,0.5,0.5,Ses01F_impro03_e1_atr.txt,happy
Ses01F_impro03_M021,3,3,3,0.5,0.5,0.5,Ses01F_impro03_e1_atr.txt,happy
Ses01F_impro03_M022,3,2,3,0.5,0.25,0.5,Ses01F_impro03_e1_atr.txt,neutral
Ses01F_impro03_M023,1,2,4,0.0,0.25,0.75,Ses01F_impro03_e1_atr.txt,sad
Ses01F_impro03_M024,3,3,3,0.5,0.5,0.5,Ses01F_impro03_e1_atr.txt,happy
Ses01F_impro03_F000,3,1,3,0.5,0.0,0.5,Ses01F_impro03_e2_atr.txt,neutral
Ses01F_impro03_F001,3,2,3,0.5,0.25,0.5,Ses01F_impro03_e2_atr.txt,neutral
Ses01F_impro03_F002,2,1,3,0.25,0.0,0.5,Ses01F_impro03_e2_atr.txt,sad
Ses01F_impro03_F003,1,1,4,0.0,0.0,0.75,Ses01F_impro03_e2_atr.txt,sad
Ses01F_impro03_F004,2,1,3,0.25,0.0,0.5,Ses01F_impro03_e2_atr.txt,sad
Ses01F_impro03_F005,1,1,3,0.0,0.0,0.5,Ses01F_impro03_e2_atr.txt,sad
Ses01F_impro03_F006,2,2,4,0.25,0.25,0.75,Ses01F_impro03_e2_atr.txt,sad
Ses01F_impro03_F007,2,2,3,0.25,0.25,0.5,Ses01F_impro03_e2_atr.txt,sad
Ses01F_impro03_F008,2,2,3,0.25,0.25,0.5,Ses01F_impro03_e2_atr.txt,sad
Ses01F_impro03_F009,3,2,3,0.5,0.25,0.5,Ses01F_impro03_e2_atr.txt,neutral
Ses01F_impro03_F010,2,2,3,0.25,0.25,0.5,Ses01F_impro03_e2_atr.txt,sad
Ses01F_impro03_F011,3,2,3,0.5,0.25,0.5,Ses01F_impro03_e2_atr.txt,neutral
Ses01F_impro03_F012,2,2,4,0.25,0.25,0.75,Ses01F_impro03_e2_atr.txt,sad
Ses01F_impro03_F013,1,1,5,0.0,0.0,1.0,Ses01F_impro03_e2_atr.txt,sad
Ses01F_impro03_F014,2,2,3,0.25,0.25,0.5,Ses01F_impro03_e2_atr.txt,sad
Ses01F_impro03_F015,1,1,5,0.0,0.0,1.0,Ses01F_impro03_e2_atr.txt,sad
Ses01F_impro03_F016,3,2,4,0.5,0.25,0.75,Ses01F_impro03_e2_atr.txt,neutral
Ses01F_impro03_F017,3,2,3,0.5,0.25,0.5,Ses01F_impro03_e2_atr.txt,neutral
Ses01F_impro03_F018,2,2,3,0.25,0.25,0.5,Ses01F_impro03_e2_atr.txt,sad
Ses01F_impro03_F019,3,2,3,0.5,0.25,0.5,Ses01F_impro03_e2_atr.txt,neutral
Ses01F_impro03_F020,2,3,3,0.25,0.5,0.5,Ses01F_impro03_e2_atr.txt,neutral
Ses01F_impro03_F021,1,3,3,0.0,0.5,0.5,Ses01F_impro03_e2_atr.txt,neutral
Ses01F_impro03_F022,3,3,3,0.5,0.5,0.5,Ses01F_impro03_e2_atr.txt,happy
Ses01F_impro03_F023,3,4,3,0.5,0.75,0.5,Ses01F_impro03_e2_atr.txt,happy
Ses01F_impro03_F024,3,1,3,0.5,0.0,0.5,Ses01F_impro03_e2_atr.txt,neutral
Ses01F_impro03_F025,2,1,4,0.25,0.0,0.75,Ses01F_impro03_e2_atr.txt,sad
Ses01F_impro03_F026,2,1,4,0.25,0.0,0.75,Ses01F_impro03_e2_atr.txt,sad
Ses01F_impro03_M000,2,2,3,0.25,0.25,0.5,Ses01F_impro03_e2_atr.txt,sad
Ses01F_impro03_M001,3,1,3,0.5,0.0,0.5,Ses01F_impro03_e2_atr.txt,neutral
Ses01F_impro03_M002,2,1,3,0.25,0.0,0.5,Ses01F_impro03_e2_atr.txt,sad
Ses01F_impro03_M003,1,1,4,0.0,0.0,0.75,Ses01F_impro03_e2_atr.txt,sad
Ses01F_impro03_M004,1,1,3,0.0,0.0,0.5,Ses01F_impro03_e2_atr.txt,sad
Ses01F_impro03_M005,2,2,3,0.25,0.25,0.5,Ses01F_impro03_e2_atr.txt,sad
Ses01F_impro03_M006,3,2,3,0.5,0.25,0.5,Ses01F_impro03_e2_atr.txt,neutral
Ses01F_impro03_M007,3,2,3,0.5,0.25,0.5,Ses01F_impro03_e2_atr.txt,neutral
Ses01F_impro03_M008,3,2,3,0.5,0.25,0.5,Ses01F_impro03_e2_atr.txt,neutral
Ses01F_impro03_M009,3,3,2,0.5,0.5,0.25,Ses01F_impro03_e2_atr.txt,happy
Ses01F_impro03_M010,2,2,4,0.25,0.25,0.75,Ses01F_impro03_e2_atr.txt,sad
Ses01F_impro03_M011,2,3,3,0.25,0.5,0.5,Ses01F_impro03_e2_atr.txt,neutral
Ses01F_impro03_M012,2,1,3,0.25,0.0,0.5,Ses01F_impro03_e2_atr.txt,sad
Ses01F_impro03_M013,2,1,4,0.25,0.0,0.75,Ses01F_impro03_e2_atr.txt,sad
Ses01F_impro03_M014,2,2,3,0.25,0.25,0.5,Ses01F_impro03_e2_atr.txt,sad
Ses01F_impro03_M015,2,2,4,0.25,0.25,0.75,Ses01F_impro03_e2_atr.txt,sad
Ses01F_impro03_M016,3,2,3,0.5,0.25,0.5,Ses01F_impro03_e2_atr.txt,neutral
Ses01F_impro03_M017,1,3,3,0.0,0.5,0.5,Ses01F_impro03_e2_atr.txt,neutral
Ses01F_impro03_M018,2,3,4,0.25,0.5,0.75,Ses01F_impro03_e2_atr.txt,neutral
Ses01F_impro03_M019,2,3,3,0.25,0.5,0.5,Ses01F_impro03_e2_atr.txt,neutral
Ses01F_impro03_M020,2,3,3,0.25,0.5,0.5,Ses01F_impro03_e2_atr.txt,neutral
Ses01F_impro03_M021,2,3,3,0.25,0.5,0.5,Ses01F_impro03_e2_atr.txt,neutral
Ses01F_impro03_M022,2,2,4,0.25,0.25,0.75,Ses01F_impro03_e2_atr.txt,sad
Ses01F_impro03_M023,1,1,5,0.0,0.0,1.0,Ses01F_impro03_e2_atr.txt,sad
Ses01F_impro03_M024,3,2,3,0.5,0.25,0.5,Ses01F_impro03_e2_atr.txt,neutral
Ses01F_impro03_F000,4,2,2,0.75,0.25,0.25,Ses01F_impro03_e3_atr.txt,afraid
Ses01F_impro03_F001,4,2,2,0.75,0.25,0.25,Ses01F_impro03_e3_atr.txt,afraid
Ses01F_impro03_F002,4,2,1,0.75,0.25,0.0,Ses01F_impro03_e3_atr.txt,afraid
Ses01F_impro03_F003,3,1,1,0.5,0.0,0.0,Ses01F_impro03_e3_atr.txt,neutral
Ses01F_impro03_F004,3,2,1,0.5,0.25,0.0,Ses01F_impro03_e3_atr.txt,neutral
Ses01F_impro03_F005,3,2,1,0.5,0.25,0.0,Ses01F_impro03_e3_atr.txt,neutral
Ses01F_impro03_F006,4,2,1,0.75,0.25,0.0,Ses01F_impro03_e3_atr.txt,afraid
Ses01F_impro03_F007,3,2,1,0.5,0.25,0.0,Ses01F_impro03_e3_atr.txt,neutral
Ses01F_impro03_F008,3,2,1,0.5,0.25,0.0,Ses01F_impro03_e3_atr.txt,neutral
Ses01F_impro03_F009,4,2,1,0.75,0.25,0.0,Ses01F_impro03_e3_atr.txt,afraid
Ses01F_impro03_F010,3,2,2,0.5,0.25,0.25,Ses01F_impro03_e3_atr.txt,neutral
Ses01F_impro03_F011,3,2,1,0.5,0.25,0.0,Ses01F_impro03_e3_atr.txt,neutral
Ses01F_impro03_F012,3,2,1,0.5,0.25,0.0,Ses01F_impro03_e3_atr.txt,neutral
Ses01F_impro03_F013,3,1,1,0.5,0.0,0.0,Ses01F_impro03_e3_atr.txt,neutral
Ses01F_impro03_F014,4,2,1,0.75,0.25,0.0,Ses01F_impro03_e3_atr.txt,afraid
Ses01F_impro03_F015,4,1,1,0.75,0.0,0.0,Ses01F_impro03_e3_atr.txt,afraid
Ses01F_impro03_F016,3,2,1,0.5,0.25,0.0,Ses01F_impro03_e3_atr.txt,neutral
Ses01F_impro03_F017,4,2,1,0.75,0.25,0.0,Ses01F_impro03_e3_atr.txt,afraid
Ses01F_impro03_F018,4,2,1,0.75,0.25,0.0,Ses01F_impro03_e3_atr.txt,afraid
Ses01F_impro03_F019,4,2,1,0.75,0.25,0.0,Ses01F_impro03_e3_atr.txt,afraid
Ses01F_impro03_F020,4,2,1,0.75,0.25,0.0,Ses01F_impro03_e3_atr.txt,afraid
Ses01F_impro03_F021,4,2,2,0.75,0.25,0.25,Ses01F_impro03_e3_atr.txt,afraid
Ses01F_impro03_F022,4,2,1,0.75,0.25,0.0,Ses01F_impro03_e3_atr.txt,afraid
Ses01F_impro03_F023,4,2,1,0.75,0.25,0.0,Ses01F_impro03_e3_atr.txt,afraid
Ses01F_impro03_F024,4,2,2,0.75,0.25,0.25,Ses01F_impro03_e3_atr.txt,afraid
Ses01F_impro03_F025,4,2,2,0.75,0.25,0.25,Ses01F_impro03_e3_atr.txt,afraid
Ses01F_impro03_F026,3,2,1,0.5,0.25,0.0,Ses01F_impro03_e3_atr.txt,neutral
Ses01F_impro03_M000,4,2,2,0.75,0.25,0.25,Ses01F_impro03_e3_atr.txt,afraid
Ses01F_impro03_M001,4,2,1,0.75,0.25,0.0,Ses01F_impro03_e3_atr.txt,afraid
Ses01F_impro03_M002,3,2,2,0.5,0.25,0.25,Ses01F_impro03_e3_atr.txt,neutral
Ses01F_impro03_M003,2,1,1,0.25,0.0,0.0,Ses01F_impro03_e3_atr.txt,sad
Ses01F_impro03_M004,3,1,1,0.5,0.0,0.0,Ses01F_impro03_e3_atr.txt,neutral
Ses01F_impro03_M005,3,2,1,0.5,0.25,0.0,Ses01F_impro03_e3_atr.txt,neutral
Ses01F_impro03_M006,4,2,1,0.75,0.25,0.0,Ses01F_impro03_e3_atr.txt,afraid
Ses01F_impro03_M007,4,2,1,0.75,0.25,0.0,Ses01F_impro03_e3_atr.txt,afraid
Ses01F_impro03_M008,4,2,1,0.75,0.25,0.0,Ses01F_impro03_e3_atr.txt,afraid
Ses01F_impro03_M009,4,2,2,0.75,0.25,0.25,Ses01F_impro03_e3_atr.txt,afraid
Ses01F_impro03_M010,3,2,2,0.5,0.25,0.25,Ses01F_impro03_e3_atr.txt,neutral
Ses01F_impro03_M011,3,2,2,0.5,0.25,0.25,Ses01F_impro03_e3_atr.txt,neutral
Ses01F_impro03_M012,3,2,1,0.5,0.25,0.0,Ses01F_impro03_e3_atr.txt,neutral
Ses01F_impro03_M013,3,1,2,0.5,0.0,0.25,Ses01F_impro03_e3_atr.txt,neutral
Ses01F_impro03_M014,3,1,2,0.5,0.0,0.25,Ses01F_impro03_e3_atr.txt,neutral
Ses01F_impro03_M015,4,2,1,0.75,0.25,0.0,Ses01F_impro03_e3_atr.txt,afraid
Ses01F_impro03_M016,4,2,2,0.75,0.25,0.25,Ses01F_impro03_e3_atr.txt,afraid
Ses01F_impro03_M017,3,2,1,0.5,0.25,0.0,Ses01F_impro03_e3_atr.txt,neutral
Ses01F_impro03_M018,4,3,1,0.75,0.5,0.0,Ses01F_impro03_e3_atr.txt,neutral
Ses01F_impro03_M019,4,3,1,0.75,0.5,0.0,Ses01F_impro03_e3_atr.txt,neutral
Ses01F_impro03_M020,4,2,2,0.75,0.25,0.25,Ses01F_impro03_e3_atr.txt,afraid
Ses01F_impro03_M021,3,3,2,0.5,0.5,0.25,Ses01F_impro03_e3_atr.txt,happy
Ses01F_impro03_M022,3,2,1,0.5,0.25,0.0,Ses01F_impro03_e3_atr.txt,neutral
Ses01F_impro03_M023,3,1,2,0.5,0.0,0.25,Ses01F_impro03_e3_atr.txt,neutral
Ses01F_impro03_M024,4,2,1,0.75,0.25,0.0,Ses01F_impro03_e3_atr.txt,afraid
Ses01F_impro04_F000,4,3,3,0.75,0.5,0.5,Ses01F_impro04_e1_atr.txt,neutral
Ses01F_impro04_F001,4,3,3,0.75,0.5,0.5,Ses01F_impro04_e1_atr.txt,neutral
Ses01F_impro04_F002,3,3,3,0.5,0.5,0.5,Ses01F_impro04_e1_atr.txt,happy
Ses01F_impro04_F003,4,3,2,0.75,0.5,0.25,Ses01F_impro04_e1_atr.txt,neutral
Ses01F_impro04_F004,4,3,2,0.75,0.5,0.25,Ses01F_impro04_e1_atr.txt,neutral
Ses01F_impro04_F005,4,3,2,0.75,0.5,0.25,Ses01F_impro04_e1_atr.txt,neutral
Ses01F_impro04_F006,3,3,4,0.5,0.5,0.75,Ses01F_impro04_e1_atr.txt,happy
Ses01F_impro04_F007,3,3,4,0.5,0.5,0.75,Ses01F_impro04_e1_atr.txt,happy
Ses01F_impro04_F008,3,4,3,0.5,0.75,0.5,Ses01F_impro04_e1_atr.txt,happy
Ses01F_impro04_F009,4,3,2,0.75,0.5,0.25,Ses01F_impro04_e1_atr.txt,neutral
Ses01F_impro04_F010,3,4,3,0.5,0.75,0.5,Ses01F_impro04_e1_atr.txt,happy
Ses01F_impro04_F011,4,3,3,0.75,0.5,0.5,Ses01F_impro04_e1_atr.txt,neutral
Ses01F_impro04_F012,4,3,4,0.75,0.5,0.75,Ses01F_impro04_e1_atr.txt,neutral
Ses01F_impro04_F013,3,3,3,0.5,0.5,0.5,Ses01F_impro04_e1_atr.txt,happy
Ses01F_impro04_F014,4,3,2,0.75,0.5,0.25,Ses01F_impro04_e1_atr.txt,neutral
Ses01F_impro04_F015,2,4,3,0.25,0.75,0.5,Ses01F_impro04_e1_atr.txt,content
Ses01F_impro04_F016,2,4,3,0.25,0.75,0.5,Ses01F_impro04_e1_atr.txt,content
Ses01F_impro04_F017,2,4,4,0.25,0.75,0.75,Ses01F_impro04_e1_atr.txt,content
Ses01F_impro04_F018,2,4,4,0.25,0.75,0.75,Ses01F_impro04_e1_atr.txt,content
Ses01F_impro04_F019,3,3,3,0.5,0.5,0.5,Ses01F_impro04_e1_atr.txt,happy
Ses01F_impro04_F020,3,3,3,0.5,0.5,0.5,Ses01F_impro04_e1_atr.txt,happy
Ses01F_impro04_F021,4,3,2,0.75,0.5,0.25,Ses01F_impro04_e1_atr.txt,neutral
Ses01F_impro04_F022,4,4,2,0.75,0.75,0.25,Ses01F_impro04_e1_atr.txt,excited
Ses01F_impro04_F023,4,3,2,0.75,0.5,0.25,Ses01F_impro04_e1_atr.txt,neutral
Ses01F_impro04_F024,4,3,3,0.75,0.5,0.5,Ses01F_impro04_e1_atr.txt,neutral
Ses01F_impro04_F025,4,3,2,0.75,0.5,0.25,Ses01F_impro04_e1_atr.txt,neutral
Ses01F_impro04_F026,4,3,3,0.75,0.5,0.5,Ses01F_impro04_e1_atr.txt,neutral
Ses01F_impro04_F027,4,3,2,0.75,0.5,0.25,Ses01F_impro04_e1_atr.txt,neutral
Ses01F_impro04_F028,3,4,3,0.5,0.75,0.5,Ses01F_impro04_e1_atr.txt,happy
Ses01F_impro04_F029,3,4,4,0.5,0.75,0.75,Ses01F_impro04_e1_atr.txt,happy
Ses01F_impro04_F030,3,4,4,0.5,0.75,0.75,Ses01F_impro04_e1_atr.txt,happy
Ses01F_impro04_F031,3,4,3,0.5,0.75,0.5,Ses01F_impro04_e1_atr.txt,happy
Ses01F_impro04_F032,3,4,3,0.5,0.75,0.5,Ses01F_impro04_e1_atr.txt,happy
Ses01F_impro04_F033,3,4,4,0.5,0.75,0.75,Ses01F_impro04_e1_atr.txt,happy
Ses01F_impro04_M000,4,3,2,0.75,0.5,0.25,Ses01F_impro04_e1_atr.txt,neutral
Ses01F_impro04_M001,4,3,1,0.75,0.5,0.0,Ses01F_impro04_e1_atr.txt,neutral
Ses01F_impro04_M002,4,3,3,0.75,0.5,0.5,Ses01F_impro04_e1_atr.txt,neutral
Ses01F_impro04_M003,4,3,2,0.75,0.5,0.25,Ses01F_impro04_e1_atr.txt,neutral
Ses01F_impro04_M004,3,3,3,0.5,0.5,0.5,Ses01F_impro04_e1_atr.txt,happy
Ses01F_impro04_M005,3,3,3,0.5,0.5,0.5,Ses01F_impro04_e1_atr.txt,happy
Ses01F_impro04_M006,3,3,2,0.5,0.5,0.25,Ses01F_impro04_e1_atr.txt,happy
Ses01F_impro04_M007,4,2,2,0.75,0.25,0.25,Ses01F_impro04_e1_atr.txt,afraid
Ses01F_impro04_M008,3,3,2,0.5,0.5,0.25,Ses01F_impro04_e1_atr.txt,happy
Ses01F_impro04_M009,3,3,3,0.5,0.5,0.5,Ses01F_impro04_e1_atr.txt,happy
Ses01F_impro04_M010,4,3,1,0.75,0.5,0.0,Ses01F_impro04_e1_atr.txt,neutral
Ses01F_impro04_M011,4,3,2,0.75,0.5,0.25,Ses01F_impro04_e1_atr.txt,neutral
Ses01F_impro04_M012,4,3,2,0.75,0.5,0.25,Ses01F_impro04_e1_atr.txt,neutral
Ses01F_impro04_M013,4,3,3,0.75,0.5,0.5,Ses01F_impro04_e1_atr.txt,neutral
Ses01F_impro04_M014,3,3,4,0.5,0.5,0.75,Ses01F_impro04_e1_atr.txt,happy
Ses01F_impro04_M015,3,3,3,0.5,0.5,0.5,Ses01F_impro04_e1_atr.txt,happy
Ses01F_impro04_M016,4,3,2,0.75,0.5,0.25,Ses01F_impro04_e1_atr.txt,neutral
Ses01F_impro04_M017,3,3,3,0.5,0.5,0.5,Ses01F_impro04_e1_atr.txt,happy
Ses01F_impro04_M018,3,3,3,0.5,0.5,0.5,Ses01F_impro04_e1_atr.txt,happy
Ses01F_impro04_M019,4,3,2,0.75,0.5,0.25,Ses01F_impro04_e1_atr.txt,neutral
Ses01F_impro04_M020,4,3,2,0.75,0.5,0.25,Ses01F_impro04_e1_atr.txt,neutral
Ses01F_impro04_M021,3,2,3,0.5,0.25,0.5,Ses01F_impro04_e1_atr.txt,neutral
Ses01F_impro04_M022,4,3,2,0.75,0.5,0.25,Ses01F_impro04_e1_atr.txt,neutral
Ses01F_impro04_M023,4,3,2,0.75,0.5,0.25,Ses01F_impro04_e1_atr.txt,neutral
Ses01F_impro04_M024,4,3,2,0.75,0.5,0.25,Ses01F_impro04_e1_atr.txt,neutral
Ses01F_impro04_M025,3,3,3,0.5,0.5,0.5,Ses01F_impro04_e1_atr.txt,happy
Ses01F_impro04_M026,4,3,3,0.75,0.5,0.5,Ses01F_impro04_e1_atr.txt,neutral
Ses01F_impro04_M027,3,3,3,0.5,0.5,0.5,Ses01F_impro04_e1_atr.txt,happy
Ses01F_impro04_M028,4,3,2,0.75,0.5,0.25,Ses01F_impro04_e1_atr.txt,neutral
Ses01F_impro04_M029,3,3,3,0.5,0.5,0.5,Ses01F_impro04_e1_atr.txt,happy
Ses01F_impro04_M030,4,3,3,0.75,0.5,0.5,Ses01F_impro04_e1_atr.txt,neutral
Ses01F_impro04_M031,3,3,2,0.5,0.5,0.25,Ses01F_impro04_e1_atr.txt,happy
Ses01F_impro04_M032,4,3,1,0.75,0.5,0.0,Ses01F_impro04_e1_atr.txt,neutral
Ses01F_impro04_M033,3,3,1,0.5,0.5,0.0,Ses01F_impro04_e1_atr.txt,happy
Ses01F_impro04_M034,4,3,1,0.75,0.5,0.0,Ses01F_impro04_e1_atr.txt,neutral
Ses01F_impro04_M035,3,4,3,0.5,0.75,0.5,Ses01F_impro04_e1_atr.txt,happy
Ses01F_impro04_M036,3,3,3,0.5,0.5,0.5,Ses01F_impro04_e1_atr.txt,happy
Ses01F_impro04_F000,2,3,3,0.25,0.5,0.5,Ses01F_impro04_e2_atr.txt,neutral
Ses01F_impro04_F001,3,4,3,0.5,0.75,0.5,Ses01F_impro04_e2_atr.txt,happy
Ses01F_impro04_F002,2,4,3,0.25,0.75,0.5,Ses01F_impro04_e2_atr.txt,content
Ses01F_impro04_F003,2,4,3,0.25,0.75,0.5,Ses01F_impro04_e2_atr.txt,content
Ses01F_impro04_F004,3,4,2,0.5,0.75,0.25,Ses01F_impro04_e2_atr.txt,happy
Ses01F_impro04_F005,4,3,3,0.75,0.5,0.5,Ses01F_impro04_e2_atr.txt,neutral
Ses01F_impro04_F006,2,3,3,0.25,0.5,0.5,Ses01F_impro04_e2_atr.txt,neutral
Ses01F_impro04_F007,2,3,4,0.25,0.5,0.75,Ses01F_impro04_e2_atr.txt,neutral
Ses01F_impro04_F008,2,4,4,0.25,0.75,0.75,Ses01F_impro04_e2_atr.txt,content
Ses01F_impro04_F009,3,4,3,0.5,0.75,0.5,Ses01F_impro04_e2_atr.txt,happy
Ses01F_impro04_F010,2,4,3,0.25,0.75,0.5,Ses01F_impro04_e2_atr.txt,content
Ses01F_impro04_F011,2,4,3,0.25,0.75,0.5,Ses01F_impro04_e2_atr.txt,content
Ses01F_impro04_F012,3,4,4,0.5,0.75,0.75,Ses01F_impro04_e2_atr.txt,happy
Ses01F_impro04_F013,2,3,4,0.25,0.5,0.75,Ses01F_impro04_e2_atr.txt,neutral
Ses01F_impro04_F014,2,4,3,0.25,0.75,0.5,Ses01F_impro04_e2_atr.txt,content
Ses01F_impro04_F015,2,4,4,0.25,0.75,0.75,Ses01F_impro04_e2_atr.txt,content
Ses01F_impro04_F016,2,4,4,0.25,0.75,0.75,Ses01F_impro04_e2_atr.txt,content
Ses01F_impro04_F017,1,4,4,0.0,0.75,0.75,Ses01F_impro04_e2_atr.txt,content
Ses01F_impro04_F018,1,4,3,0.0,0.75,0.5,Ses01F_impro04_e2_atr.txt,content
Ses01F_impro04_F019,2,3,3,0.25,0.5,0.5,Ses01F_impro04_e2_atr.txt,neutral
Ses01F_impro04_F020,3,5,4,0.5,1.0,0.75,Ses01F_impro04_e2_atr.txt,happy
Ses01F_impro04_F021,4,5,4,0.75,1.0,0.75,Ses01F_impro04_e2_atr.txt,excited
Ses01F_impro04_F022,4,4,3,0.75,0.75,0.5,Ses01F_impro04_e2_atr.txt,excited
Ses01F_impro04_F023,3,5,4,0.5,1.0,0.75,Ses01F_impro04_e2_atr.txt,happy
Ses01F_impro04_F024,3,4,4,0.5,0.75,0.75,Ses01F_impro04_e2_atr.txt,happy
Ses01F_impro04_F025,3,4,4,0.5,0.75,0.75,Ses01F_impro04_e2_atr.txt,happy
Ses01F_impro04_F026,4,4,4,0.75,0.75,0.75,Ses01F_impro04_e2_atr.txt,excited
Ses01F_impro04_F027,4,4,4,0.75,0.75,0.75,Ses01F_impro04_e2_atr.txt,excited
Ses01F_impro04_F028,2,4,4,0.25,0.75,0.75,Ses01F_impro04_e2_atr.txt,content
Ses01F_impro04_F029,1,5,4,0.0,1.0,0.75,Ses01F_impro04_e2_atr.txt,content
Ses01F_impro04_F030,2,5,4,0.25,1.0,0.75,Ses01F_impro04_e2_atr.txt,content
Ses01F_impro04_F031,3,5,4,0.5,1.0,0.75,Ses01F_impro04_e2_atr.txt,happy
Ses01F_impro04_F032,2,4,4,0.25,0.75,0.75,Ses01F_impro04_e2_atr.txt,content
Ses01F_impro04_F033,2,5,5,0.25,1.0,1.0,Ses01F_impro04_e2_atr.txt,content
Ses01F_impro04_M000,3,3,3,0.5,0.5,0.5,Ses01F_impro04_e2_atr.txt,happy
Ses01F_impro04_M001,3,3,3,0.5,0.5,0.5,Ses01F_impro04_e2_atr.txt,happy
Ses01F_impro04_M002,3,3,3,0.5,0.5,0.5,Ses01F_impro04_e2_atr.txt,happy
Ses01F_impro04_M003,3,3,3,0.5,0.5,0.5,Ses01F_impro04_e2_atr.txt,happy
Ses01F_impro04_M004,3,3,3,0.5,0.5,0.5,Ses01F_impro04_e2_atr.txt,happy
Ses01F_impro04_M005,3,3,3,0.5,0.5,0.5,Ses01F_impro04_e2_atr.txt,happy
Ses01F_impro04_M006,2,3,3,0.25,0.5,0.5,Ses01F_impro04_e2_atr.txt,neutral
Ses01F_impro04_M007,2,3,3,0.25,0.5,0.5,Ses01F_impro04_e2_atr.txt,neutral
Ses01F_impro04_M008,3,3,3,0.5,0.5,0.5,Ses01F_impro04_e2_atr.txt,happy
Ses01F_impro04_M009,3,3,3,0.5,0.5,0.5,Ses01F_impro04_e2_atr.txt,happy
Ses01F_impro04_M010,3,3,3,0.5,0.5,0.5,Ses01F_impro04_e2_atr.txt,happy
Ses01F_impro04_M011,2,3,3,0.25,0.5,0.5,Ses01F_impro04_e2_atr.txt,neutral
Ses01F_impro04_M012,2,3,3,0.25,0.5,0.5,Ses01F_impro04_e2_atr.txt,neutral
Ses01F_impro04_M013,4,3,3,0.75,0.5,0.5,Ses01F_impro04_e2_atr.txt,neutral
Ses01F_impro04_M014,2,2,3,0.25,0.25,0.5,Ses01F_impro04_e2_atr.txt,sad
Ses01F_impro04_M015,2,4,3,0.25,0.75,0.5,Ses01F_impro04_e2_atr.txt,content
Ses01F_impro04_M016,3,3,3,0.5,0.5,0.5,Ses01F_impro04_e2_atr.txt,happy
Ses01F_impro04_M017,2,3,3,0.25,0.5,0.5,Ses01F_impro04_e2_atr.txt,neutral
Ses01F_impro04_M018,2,3,3,0.25,0.5,0.5,Ses01F_impro04_e2_atr.txt,neutral
Ses01F_impro04_M019,3,3,3,0.5,0.5,0.5,Ses01F_impro04_e2_atr.txt,happy
Ses01F_impro04_M020,3,3,3,0.5,0.5,0.5,Ses01F_impro04_e2_atr.txt,happy
Ses01F_impro04_M021,2,3,3,0.25,0.5,0.5,Ses01F_impro04_e2_atr.txt,neutral
Ses01F_impro04_M022,3,3,3,0.5,0.5,0.5,Ses01F_impro04_e2_atr.txt,happy
Ses01F_impro04_M023,3,4,2,0.5,0.75,0.25,Ses01F_impro04_e2_atr.txt,happy
Ses01F_impro04_M024,3,3,4,0.5,0.5,0.75,Ses01F_impro04_e2_atr.txt,happy
Ses01F_impro04_M025,2,3,4,0.25,0.5,0.75,Ses01F_impro04_e2_atr.txt,neutral
Ses01F_impro04_M026,2,2,3,0.25,0.25,0.5,Ses01F_impro04_e2_atr.txt,sad
Ses01F_impro04_M027,2,2,4,0.25,0.25,0.75,Ses01F_impro04_e2_atr.txt,sad
Ses01F_impro04_M028,3,3,2,0.5,0.5,0.25,Ses01F_impro04_e2_atr.txt,happy
Ses01F_impro04_M029,2,4,4,0.25,0.75,0.75,Ses01F_impro04_e2_atr.txt,content
Ses01F_impro04_M030,3,4,3,0.5,0.75,0.5,Ses01F_impro04_e2_atr.txt,happy
Ses01F_impro04_M031,4,3,3,0.75,0.5,0.5,Ses01F_impro04_e2_atr.txt,neutral
Ses01F_impro04_M032,4,4,2,0.75,0.75,0.25,Ses01F_impro04_e2_atr.txt,excited
Ses01F_impro04_M033,2,4,3,0.25,0.75,0.5,Ses01F_impro04_e2_atr.txt,content
Ses01F_impro04_M034,4,4,3,0.75,0.75,0.5,Ses01F_impro04_e2_atr.txt,excited
Ses01F_impro04_M035,2,4,3,0.25,0.75,0.5,Ses01F_impro04_e2_atr.txt,content
Ses01F_impro04_M036,3,4,4,0.5,0.75,0.75,Ses01F_impro04_e2_atr.txt,happy
Ses01F_impro05_F000,4,2,1,0.75,0.25,0.0,Ses01F_impro05_e3_atr.txt,afraid
Ses01F_impro05_F001,4,4,2,0.75,0.75,0.25,Ses01F_impro05_e3_atr.txt,excited
Ses01F_impro05_F002,3,3,3,0.5,0.5,0.5,Ses01F_impro05_e3_atr.txt,happy
Ses01F_impro05_F003,3,4,3,0.5,0.75,0.5,Ses01F_impro05_e3_atr.txt,happy
Ses01F_impro05_F004,3,4,3,0.5,0.75,0.5,Ses01F_impro05_e3_atr.txt,happy
Ses01F_impro05_F005,4,3,2,0.75,0.5,0.25,Ses01F_impro05_e3_atr.txt,neutral
Ses01F_impro05_F006,4,3,2,0.75,0.5,0.25,Ses01F_impro05_e3_atr.txt,neutral
Ses01F_impro05_F007,4,3,3,0.75,0.5,0.5,Ses01F_impro05_e3_atr.txt,neutral
Ses01F_impro05_F008,4,3,3,0.75,0.5,0.5,Ses01F_impro05_e3_atr.txt,neutral
Ses01F_impro05_F009,4,3,3,0.75,0.5,0.5,Ses01F_impro05_e3_atr.txt,neutral
Ses01F_impro05_F010,3,4,3,0.5,0.75,0.5,Ses01F_impro05_e3_atr.txt,happy
Ses01F_impro05_F011,2,4,3,0.25,0.75,0.5,Ses01F_impro05_e3_atr.txt,content
Ses01F_impro05_F012,3,3,2,0.5,0.5,0.25,Ses01F_impro05_e3_atr.txt,happy
Ses01F_impro05_F013,4,3,2,0.75,0.5,0.25,Ses01F_impro05_e3_atr.txt,neutral
Ses01F_impro05_F014,2,4,3,0.25,0.75,0.5,Ses01F_impro05_e3_atr.txt,content
Ses01F_impro05_F015,2,4,4,0.25,0.75,0.75,Ses01F_impro05_e3_atr.txt,content
Ses01F_impro05_F016,2,4,3,0.25,0.75,0.5,Ses01F_impro05_e3_atr.txt,content
Ses01F_impro05_F017,1,4,4,0.0,0.75,0.75,Ses01F_impro05_e3_atr.txt,content
Ses01F_impro05_F018,2,4,3,0.25,0.75,0.5,Ses01F_impro05_e3_atr.txt,content
Ses01F_impro05_F019,2,4,4,0.25,0.75,0.75,Ses01F_impro05_e3_atr.txt,content
Ses01F_impro05_F020,2,4,4,0.25,0.75,0.75,Ses01F_impro05_e3_atr.txt,content
Ses01F_impro05_F021,2,4,4,0.25,0.75,0.75,Ses01F_impro05_e3_atr.txt,content
Ses01F_impro05_F022,2,4,3,0.25,0.75,0.5,Ses01F_impro05_e3_atr.txt,content
Ses01F_impro05_F023,3,3,3,0.5,0.5,0.5,Ses01F_impro05_e3_atr.txt,happy
Ses01F_impro05_F024,3,3,3,0.5,0.5,0.5,Ses01F_impro05_e3_atr.txt,happy
Ses01F_impro05_F025,2,4,4,0.25,0.75,0.75,Ses01F_impro05_e3_atr.txt,content
Ses01F_impro05_F026,3,3,2,0.5,0.5,0.25,Ses01F_impro05_e3_atr.txt,happy
Ses01F_impro05_F027,4,3,3,0.75,0.5,0.5,Ses01F_impro05_e3_atr.txt,neutral
Ses01F_impro05_F028,3,3,3,0.5,0.5,0.5,Ses01F_impro05_e3_atr.txt,happy
Ses01F_impro05_F029,4,4,3,0.75,0.75,0.5,Ses01F_impro05_e3_atr.txt,excited
Ses01F_impro05_F030,4,3,3,0.75,0.5,0.5,Ses01F_impro05_e3_atr.txt,neutral
Ses01F_impro05_M000,4,2,1,0.75,0.25,0.0,Ses01F_impro05_e3_atr.txt,afraid
Ses01F_impro05_M001,4,2,1,0.75,0.25,0.0,Ses01F_impro05_e3_atr.txt,afraid
Ses01F_impro05_M002,4,2,1,0.75,0.25,0.0,Ses01F_impro05_e3_atr.txt,afraid
Ses01F_impro05_M003,4,2,1,0.75,0.25,0.0,Ses01F_impro05_e3_atr.txt,afraid
Ses01F_impro05_M004,5,3,1,1.0,0.5,0.0,Ses01F_impro05_e3_atr.txt,neutral
Ses01F_impro05_M005,4,3,1,0.75,0.5,0.0,Ses01F_impro05_e3_atr.txt,neutral
Ses01F_impro05_M006,4,3,1,0.75,0.5,0.0,Ses01F_impro05_e3_atr.txt,neutral
Ses01F_impro05_M007,4,3,1,0.75,0.5,0.0,Ses01F_impro05_e3_atr.txt,neutral
Ses01F_impro05_M008,4,3,1,0.75,0.5,0.0,Ses01F_impro05_e3_atr.txt,neutral
Ses01F_impro05_M009,4,3,1,0.75,0.5,0.0,Ses01F_impro05_e3_atr.txt,neutral
Ses01F_impro05_M010,4,3,1,0.75,0.5,0.0,Ses01F_impro05_e3_atr.txt,neutral
Ses01F_impro05_M011,4,3,1,0.75,0.5,0.0,Ses01F_impro05_e3_atr.txt,neutral
Ses01F_impro05_M012,4,3,1,0.75,0.5,0.0,Ses01F_impro05_e3_atr.txt,neutral
Ses01F_impro05_M013,4,3,1,0.75,0.5,0.0,Ses01F_impro05_e3_atr.txt,neutral
Ses01F_impro05_M014,4,3,1,0.75,0.5,0.0,Ses01F_impro05_e3_atr.txt,neutral
Ses01F_impro05_M015,4,3,1,0.75,0.5,0.0,Ses01F_impro05_e3_atr.txt,neutral
Ses01F_impro05_M016,4,3,2,0.75,0.5,0.25,Ses01F_impro05_e3_atr.txt,neutral
Ses01F_impro05_M017,4,3,2,0.75,0.5,0.25,Ses01F_impro05_e3_atr.txt,neutral
Ses01F_impro05_M018,3,3,2,0.5,0.5,0.25,Ses01F_impro05_e3_atr.txt,happy
Ses01F_impro05_M019,4,3,1,0.75,0.5,0.0,Ses01F_impro05_e3_atr.txt,neutral
Ses01F_impro05_M020,4,3,1,0.75,0.5,0.0,Ses01F_impro05_e3_atr.txt,neutral
Ses01F_impro05_M021,4,3,1,0.75,0.5,0.0,Ses01F_impro05_e3_atr.txt,neutral
Ses01F_impro05_M022,4,3,1,0.75,0.5,0.0,Ses01F_impro05_e3_atr.txt,neutral
Ses01F_impro05_M023,3,3,3,0.5,0.5,0.5,Ses01F_impro05_e3_atr.txt,happy
Ses01F_impro05_M024,3,3,3,0.5,0.5,0.5,Ses01F_impro05_e3_atr.txt,happy
Ses01F_impro05_M025,4,3,2,0.75,0.5,0.25,Ses01F_impro05_e3_atr.txt,neutral
Ses01F_impro05_M026,4,3,2,0.75,0.5,0.25,Ses01F_impro05_e3_atr.txt,neutral
Ses01F_impro05_M027,4,3,2,0.75,0.5,0.25,Ses01F_impro05_e3_atr.txt,neutral
Ses01F_impro05_M028,4,3,2,0.75,0.5,0.25,Ses01F_impro05_e3_atr.txt,neutral
Ses01F_impro05_M029,4,3,2,0.75,0.5,0.25,Ses01F_impro05_e3_atr.txt,neutral
Ses01F_impro05_M030,4,3,2,0.75,0.5,0.25,Ses01F_impro05_e3_atr.txt,neutral
Ses01F_impro05_M031,4,3,2,0.75,0.5,0.25,Ses01F_impro05_e3_atr.txt,neutral
Ses01F_impro05_M032,4,3,1,0.75,0.5,0.0,Ses01F_impro05_e3_atr.txt,neutral
Ses01F_impro05_M033,3,3,1,0.5,0.5,0.0,Ses01F_impro05_e3_atr.txt,happy
Ses01F_impro05_M034,3,3,2,0.5,0.5,0.25,Ses01F_impro05_e3_atr.txt,happy
Ses01F_impro05_M035,4,3,1,0.75,0.5,0.0,Ses01F_impro05_e3_atr.txt,neutral
Ses01F_impro05_F000,4,2,2,0.75,0.25,0.25,Ses01F_impro05_e4_atr.txt,afraid
Ses01F_impro05_F001,3,4,3,0.5,0.75,0.5,Ses01F_impro05_e4_atr.txt,happy
Ses01F_impro05_F002,4,4,4,0.75,0.75,0.75,Ses01F_impro05_e4_atr.txt,excited
Ses01F_impro05_F003,3,4,4,0.5,0.75,0.75,Ses01F_impro05_e4_atr.txt,happy
Ses01F_impro05_F004,2,4,4,0.25,0.75,0.75,Ses01F_impro05_e4_atr.txt,content
Ses01F_impro05_F005,2,4,4,0.25,0.75,0.75,Ses01F_impro05_e4_atr.txt,content
Ses01F_impro05_F006,3,4,3,0.5,0.75,0.5,Ses01F_impro05_e4_atr.txt,happy
Ses01F_impro05_F007,2,4,4,0.25,0.75,0.75,Ses01F_impro05_e4_atr.txt,content
Ses01F_impro05_F008,3,4,4,0.5,0.75,0.75,Ses01F_impro05_e4_atr.txt,happy
Ses01F_impro05_F009,3,4,4,0.5,0.75,0.75,Ses01F_impro05_e4_atr.txt,happy
Ses01F_impro05_F010,1,4,4,0.0,0.75,0.75,Ses01F_impro05_e4_atr.txt,content
Ses01F_impro05_F011,1,4,4,0.0,0.75,0.75,Ses01F_impro05_e4_atr.txt,content
Ses01F_impro05_F012,2,4,4,0.25,0.75,0.75,Ses01F_impro05_e4_atr.txt,content
Ses01F_impro05_F013,3,5,4,0.5,1.0,0.75,Ses01F_impro05_e4_atr.txt,happy
Ses01F_impro05_F014,2,5,5,0.25,1.0,1.0,Ses01F_impro05_e4_atr.txt,content
Ses01F_impro05_F015,1,5,5,0.0,1.0,1.0,Ses01F_impro05_e4_atr.txt,content
Ses01F_impro05_F016,1,5,5,0.0,1.0,1.0,Ses01F_impro05_e4_atr.txt,content
Ses01F_impro05_F017,1,5,5,0.0,1.0,1.0,Ses01F_impro05_e4_atr.txt,content
Ses01F_impro05_F018,2,5,5,0.25,1.0,1.0,Ses01F_impro05_e4_atr.txt,content
Ses01F_impro05_F019,2,5,5,0.25,1.0,1.0,Ses01F_impro05_e4_atr.txt,content
Ses01F_impro05_F020,1,5,5,0.0,1.0,1.0,Ses01F_impro05_e4_atr.txt,content
Ses01F_impro05_F021,1,5,5,0.0,1.0,1.0,Ses01F_impro05_e4_atr.txt,content
Ses01F_impro05_F022,1,5,5,0.0,1.0,1.0,Ses01F_impro05_e4_atr.txt,content
Ses01F_impro05_F023,3,5,5,0.5,1.0,1.0,Ses01F_impro05_e4_atr.txt,happy
Ses01F_impro05_F024,3,5,5,0.5,1.0,1.0,Ses01F_impro05_e4_atr.txt,happy
Ses01F_impro05_F025,1,5,5,0.0,1.0,1.0,Ses01F_impro05_e4_atr.txt,content
Ses01F_impro05_F026,2,5,5,0.25,1.0,1.0,Ses01F_impro05_e4_atr.txt,content
Ses01F_impro05_F027,3,5,5,0.5,1.0,1.0,Ses01F_impro05_e4_atr.txt,happy
Ses01F_impro05_F028,3,5,5,0.5,1.0,1.0,Ses01F_impro05_e4_atr.txt,happy
Ses01F_impro05_F029,2,5,4,0.25,1.0,0.75,Ses01F_impro05_e4_atr.txt,content
Ses01F_impro05_F030,2,5,4,0.25,1.0,0.75,Ses01F_impro05_e4_atr.txt,content
Ses01F_impro05_M000,3,2,3,0.5,0.25,0.5,Ses01F_impro05_e4_atr.txt,neutral
Ses01F_impro05_M001,3,2,3,0.5,0.25,0.5,Ses01F_impro05_e4_atr.txt,neutral
Ses01F_impro05_M002,3,2,3,0.5,0.25,0.5,Ses01F_impro05_e4_atr.txt,neutral
Ses01F_impro05_M003,3,2,3,0.5,0.25,0.5,Ses01F_impro05_e4_atr.txt,neutral
Ses01F_impro05_M004,4,2,3,0.75,0.25,0.5,Ses01F_impro05_e4_atr.txt,neutral
Ses01F_impro05_M005,3,2,3,0.5,0.25,0.5,Ses01F_impro05_e4_atr.txt,neutral
Ses01F_impro05_M006,3,2,3,0.5,0.25,0.5,Ses01F_impro05_e4_atr.txt,neutral
Ses01F_impro05_M007,3,2,3,0.5,0.25,0.5,Ses01F_impro05_e4_atr.txt,neutral
Ses01F_impro05_M008,3,3,3,0.5,0.5,0.5,Ses01F_impro05_e4_atr.txt,happy
Ses01F_impro05_M009,3,4,3,0.5,0.75,0.5,Ses01F_impro05_e4_atr.txt,happy
Ses01F_impro05_M010,3,4,3,0.5,0.75,0.5,Ses01F_impro05_e4_atr.txt,happy
Ses01F_impro05_M011,3,4,3,0.5,0.75,0.5,Ses01F_impro05_e4_atr.txt,happy
Ses01F_impro05_M012,4,4,2,0.75,0.75,0.25,Ses01F_impro05_e4_atr.txt,excited
Ses01F_impro05_M013,4,4,2,0.75,0.75,0.25,Ses01F_impro05_e4_atr.txt,excited
Ses01F_impro05_M014,3,4,2,0.5,0.75,0.25,Ses01F_impro05_e4_atr.txt,happy
Ses01F_impro05_M015,4,4,2,0.75,0.75,0.25,Ses01F_impro05_e4_atr.txt,excited
Ses01F_impro05_M016,3,4,2,0.5,0.75,0.25,Ses01F_impro05_e4_atr.txt,happy
Ses01F_impro05_M017,3,4,3,0.5,0.75,0.5,Ses01F_impro05_e4_atr.txt,happy
Ses01F_impro05_M018,2,3,3,0.25,0.5,0.5,Ses01F_impro05_e4_atr.txt,neutral
Ses01F_impro05_M019,4,4,3,0.75,0.75,0.5,Ses01F_impro05_e4_atr.txt,excited
Ses01F_impro05_M020,4,4,3,0.75,0.75,0.5,Ses01F_impro05_e4_atr.txt,excited
Ses01F_impro05_M021,3,4,2,0.5,0.75,0.25,Ses01F_impro05_e4_atr.txt,happy
Ses01F_impro05_M022,4,4,3,0.75,0.75,0.5,Ses01F_impro05_e4_atr.txt,excited
Ses01F_impro05_M023,2,4,2,0.25,0.75,0.25,Ses01F_impro05_e4_atr.txt,content
Ses01F_impro05_M024,3,4,2,0.5,0.75,0.25,Ses01F_impro05_e4_atr.txt,happy
Ses01F_impro05_M025,3,4,2,0.5,0.75,0.25,Ses01F_impro05_e4_atr.txt,happy
Ses01F_impro05_M026,3,4,3,0.5,0.75,0.5,Ses01F_impro05_e4_atr.txt,happy
Ses01F_impro05_M027,3,4,2,0.5,0.75,0.25,Ses01F_impro05_e4_atr.txt,happy
Ses01F_impro05_M028,3,4,2,0.5,0.75,0.25,Ses01F_impro05_e4_atr.txt,happy
Ses01F_impro05_M029,3,4,3,0.5,0.75,0.5,Ses01F_impro05_e4_atr.txt,happy
Ses01F_impro05_M030,3,3,2,0.5,0.5,0.25,Ses01F_impro05_e4_atr.txt,happy
Ses01F_impro05_M031,3,3,3,0.5,0.5,0.5,Ses01F_impro05_e4_atr.txt,happy
Ses01F_impro05_M032,3,3,3,0.5,0.5,0.5,Ses01F_impro05_e4_atr.txt,happy
Ses01F_impro05_M033,3,4,3,0.5,0.75,0.5,Ses01F_impro05_e4_atr.txt,happy
Ses01F_impro05_M034,4,4,3,0.75,0.75,0.5,Ses01F_impro05_e4_atr.txt,excited
Ses01F_impro05_M035,4,4,2,0.75,0.75,0.25,Ses01F_impro05_e4_atr.txt,excited
Ses01F_impro06_F000,4,3,2,0.75,0.5,0.25,Ses01F_impro06_e1_atr.txt,neutral
Ses01F_impro06_F001,4,4,1,0.75,0.75,0.0,Ses01F_impro06_e1_atr.txt,excited
Ses01F_impro06_F002,4,4,2,0.75,0.75,0.25,Ses01F_impro06_e1_atr.txt,excited
Ses01F_impro06_F003,4,4,2,0.75,0.75,0.25,Ses01F_impro06_e1_atr.txt,excited
Ses01F_impro06_F004,4,3,3,0.75,0.5,0.5,Ses01F_impro06_e1_atr.txt,neutral
Ses01F_impro06_F005,4,4,4,0.75,0.75,0.75,Ses01F_impro06_e1_atr.txt,excited
Ses01F_impro06_F006,3,2,4,0.5,0.25,0.75,Ses01F_impro06_e1_atr.txt,neutral
Ses01F_impro06_F007,3,3,4,0.5,0.5,0.75,Ses01F_impro06_e1_atr.txt,happy
Ses01F_impro06_F008,2,3,4,0.25,0.5,0.75,Ses01F_impro06_e1_atr.txt,neutral
Ses01F_impro06_F009,3,3,4,0.5,0.5,0.75,Ses01F_impro06_e1_atr.txt,happy
Ses01F_impro06_F010,3,4,3,0.5,0.75,0.5,Ses01F_impro06_e1_atr.txt,happy
Ses01F_impro06_F011,3,4,4,0.5,0.75,0.75,Ses01F_impro06_e1_atr.txt,happy
Ses01F_impro06_F012,3,4,4,0.5,0.75,0.75,Ses01F_impro06_e1_atr.txt,happy
Ses01F_impro06_F013,4,4,1,0.75,0.75,0.0,Ses01F_impro06_e1_atr.txt,excited
Ses01F_impro06_F014,3,3,3,0.5,0.5,0.5,Ses01F_impro06_e1_atr.txt,happy
Ses01F_impro06_F015,4,4,2,0.75,0.75,0.25,Ses01F_impro06_e1_atr.txt,excited
Ses01F_impro06_F016,3,2,4,0.5,0.25,0.75,Ses01F_impro06_e1_atr.txt,neutral
Ses01F_impro06_F017,4,2,3,0.75,0.25,0.5,Ses01F_impro06_e1_atr.txt,neutral
Ses01F_impro06_F018,3,2,4,0.5,0.25,0.75,Ses01F_impro06_e1_atr.txt,neutral
Ses01F_impro06_F019,4,3,2,0.75,0.5,0.25,Ses01F_impro06_e1_atr.txt,neutral
Ses01F_impro06_F020,3,3,4,0.5,0.5,0.75,Ses01F_impro06_e1_atr.txt,happy
Ses01F_impro06_F021,3,4,4,0.5,0.75,0.75,Ses01F_impro06_e1_atr.txt,happy
Ses01F_impro06_F022,4,2,3,0.75,0.25,0.5,Ses01F_impro06_e1_atr.txt,neutral
Ses01F_impro06_F023,4,3,2,0.75,0.5,0.25,Ses01F_impro06_e1_atr.txt,neutral
Ses01F_impro06_F024,4,4,3,0.75,0.75,0.5,Ses01F_impro06_e1_atr.txt,excited
Ses01F_impro06_F025,2,2,4,0.25,0.25,0.75,Ses01F_impro06_e1_atr.txt,sad
Ses01F_impro06_F026,4,3,3,0.75,0.5,0.5,Ses01F_impro06_e1_atr.txt,neutral
Ses01F_impro06_F027,4,4,3,0.75,0.75,0.5,Ses01F_impro06_e1_atr.txt,excited
Ses01F_impro06_F028,3,4,4,0.5,0.75,0.75,Ses01F_impro06_e1_atr.txt,happy
Ses01F_impro06_M000,4,3,3,0.75,0.5,0.5,Ses01F_impro06_e1_atr.txt,neutral
Ses01F_impro06_M001,3,4,3,0.5,0.75,0.5,Ses01F_impro06_e1_atr.txt,happy
Ses01F_impro06_M002,4,4,3,0.75,0.75,0.5,Ses01F_impro06_e1_atr.txt,excited
Ses01F_impro06_M003,4,4,3,0.75,0.75,0.5,Ses01F_impro06_e1_atr.txt,excited
Ses01F_impro06_M004,4,3,1,0.75,0.5,0.0,Ses01F_impro06_e1_atr.txt,neutral
Ses01F_impro06_M005,4,3,2,0.75,0.5,0.25,Ses01F_impro06_e1_atr.txt,neutral
Ses01F_impro06_M006,4,3,2,0.75,0.5,0.25,Ses01F_impro06_e1_atr.txt,neutral
Ses01F_impro06_M007,4,3,2,0.75,0.5,0.25,Ses01F_impro06_e1_atr.txt,neutral
Ses01F_impro06_M008,3,3,3,0.5,0.5,0.5,Ses01F_impro06_e1_atr.txt,happy
Ses01F_impro06_M009,3,3,2,0.5,0.5,0.25,Ses01F_impro06_e1_atr.txt,happy
Ses01F_impro06_M010,4,3,2,0.75,0.5,0.25,Ses01F_impro06_e1_atr.txt,neutral
Ses01F_impro06_M011,4,3,3,0.75,0.5,0.5,Ses01F_impro06_e1_atr.txt,neutral
Ses01F_impro06_M012,3,4,3,0.5,0.75,0.5,Ses01F_impro06_e1_atr.txt,happy
Ses01F_impro06_M013,3,3,3,0.5,0.5,0.5,Ses01F_impro06_e1_atr.txt,happy
Ses01F_impro06_M014,4,3,1,0.75,0.5,0.0,Ses01F_impro06_e1_atr.txt,neutral
Ses01F_impro06_M015,4,3,1,0.75,0.5,0.0,Ses01F_impro06_e1_atr.txt,neutral
Ses01F_impro06_M016,4,3,3,0.75,0.5,0.5,Ses01F_impro06_e1_atr.txt,neutral
Ses01F_impro06_M017,4,2,1,0.75,0.25,0.0,Ses01F_impro06_e1_atr.txt,afraid
Ses01F_impro06_F000,4,2,4,0.75,0.25,0.75,Ses01F_impro06_e2_atr.txt,angry
Ses01F_impro06_F001,4,4,3,0.75,0.75,0.5,Ses01F_impro06_e2_atr.txt,excited
Ses01F_impro06_F002,5,4,3,1.0,0.75,0.5,Ses01F_impro06_e2_atr.txt,excited
Ses01F_impro06_F003,4,2,3,0.75,0.25,0.5,Ses01F_impro06_e2_atr.txt,neutral
Ses01F_impro06_F004,4,2,3,0.75,0.25,0.5,Ses01F_impro06_e2_atr.txt,neutral
Ses01F_impro06_F005,4,4,4,0.75,0.75,0.75,Ses01F_impro06_e2_atr.txt,excited
Ses01F_impro06_F006,3,3,4,0.5,0.5,0.75,Ses01F_impro06_e2_atr.txt,happy
Ses01F_impro06_F007,3,2,4,0.5,0.25,0.75,Ses01F_impro06_e2_atr.txt,neutral
Ses01F_impro06_F008,3,4,3,0.5,0.75,0.5,Ses01F_impro06_e2_atr.txt,happy
Ses01F_impro06_F009,3,4,3,0.5,0.75,0.5,Ses01F_impro06_e2_atr.txt,happy
Ses01F_impro06_F010,4,4,4,0.75,0.75,0.75,Ses01F_impro06_e2_atr.txt,excited
Ses01F_impro06_F011,3,4,4,0.5,0.75,0.75,Ses01F_impro06_e2_atr.txt,happy
Ses01F_impro06_F012,2,4,5,0.25,0.75,1.0,Ses01F_impro06_e2_atr.txt,content
Ses01F_impro06_F013,4,4,3,0.75,0.75,0.5,Ses01F_impro06_e2_atr.txt,excited
Ses01F_impro06_F014,3,3,2,0.5,0.5,0.25,Ses01F_impro06_e2_atr.txt,happy
Ses01F_impro06_F015,4,4,3,0.75,0.75,0.5,Ses01F_impro06_e2_atr.txt,excited
Ses01F_impro06_F016,3,2,3,0.5,0.25,0.5,Ses01F_impro06_e2_atr.txt,neutral
Ses01F_impro06_F017,2,2,4,0.25,0.25,0.75,Ses01F_impro06_e2_atr.txt,sad
Ses01F_impro06_F018,3,2,3,0.5,0.25,0.5,Ses01F_impro06_e2_atr.txt,neutral
Ses01F_impro06_F019,4,4,3,0.75,0.75,0.5,Ses01F_impro06_e2_atr.txt,excited
Ses01F_impro06_F020,3,4,4,0.5,0.75,0.75,Ses01F_impro06_e2_atr.txt,happy
Ses01F_impro06_F021,3,4,4,0.5,0.75,0.75,Ses01F_impro06_e2_atr.txt,happy
Ses01F_impro06_F022,2,2,4,0.25,0.25,0.75,Ses01F_impro06_e2_atr.txt,sad
Ses01F_impro06_F023,4,4,3,0.75,0.75,0.5,Ses01F_impro06_e2_atr.txt,excited
Ses01F_impro06_F024,4,5,3,0.75,1.0,0.5,Ses01F_impro06_e2_atr.txt,excited
Ses01F_impro06_F025,3,4,5,0.5,0.75,1.0,Ses01F_impro06_e2_atr.txt,happy
Ses01F_impro06_F026,2,3,4,0.25,0.5,0.75,Ses01F_impro06_e2_atr.txt,neutral
Ses01F_impro06_F027,4,4,4,0.75,0.75,0.75,Ses01F_impro06_e2_atr.txt,excited
Ses01F_impro06_F028,2,2,4,0.25,0.25,0.75,Ses01F_impro06_e2_atr.txt,sad
Ses01F_impro06_M000,4,4,3,0.75,0.75,0.5,Ses01F_impro06_e2_atr.txt,excited
Ses01F_impro06_M001,3,3,4,0.5,0.5,0.75,Ses01F_impro06_e2_atr.txt,happy
Ses01F_impro06_M002,4,3,3,0.75,0.5,0.5,Ses01F_impro06_e2_atr.txt,neutral
Ses01F_impro06_M003,4,3,4,0.75,0.5,0.75,Ses01F_impro06_e2_atr.txt,neutral
Ses01F_impro06_M004,2,3,4,0.25,0.5,0.75,Ses01F_impro06_e2_atr.txt,neutral
Ses01F_impro06_M005,4,3,3,0.75,0.5,0.5,Ses01F_impro06_e2_atr.txt,neutral
Ses01F_impro06_M006,4,3,3,0.75,0.5,0.5,Ses01F_impro06_e2_atr.txt,neutral
Ses01F_impro06_M007,4,3,3,0.75,0.5,0.5,Ses01F_impro06_e2_atr.txt,neutral
Ses01F_impro06_M008,4,3,2,0.75,0.5,0.25,Ses01F_impro06_e2_atr.txt,neutral
Ses01F_impro06_M009,4,3,3,0.75,0.5,0.5,Ses01F_impro06_e2_atr.txt,neutral
Ses01F_impro06_M010,3,3,4,0.5,0.5,0.75,Ses01F_impro06_e2_atr.txt,happy
Ses01F_impro06_M011,4,3,3,0.75,0.5,0.5,Ses01F_impro06_e2_atr.txt,neutral
Ses01F_impro06_M012,4,3,2,0.75,0.5,0.25,Ses01F_impro06_e2_atr.txt,neutral
Ses01F_impro06_M013,4,3,2,0.75,0.5,0.25,Ses01F_impro06_e2_atr.txt,neutral
Ses01F_impro06_M014,3,3,3,0.5,0.5,0.5,Ses01F_impro06_e2_atr.txt,happy
Ses01F_impro06_M015,2,3,4,0.25,0.5,0.75,Ses01F_impro06_e2_atr.txt,neutral
Ses01F_impro06_M016,3,3,2,0.5,0.5,0.25,Ses01F_impro06_e2_atr.txt,happy
Ses01F_impro06_M017,2,2,4,0.25,0.25,0.75,Ses01F_impro06_e2_atr.txt,sad
Ses01F_impro07_F000,1,1,4,0.0,0.0,0.75,Ses01F_impro07_e1_atr.txt,sad
Ses01F_impro07_F001,2,2,3,0.25,0.25,0.5,Ses01F_impro07_e1_atr.txt,sad
Ses01F_impro07_F002,2,2,3,0.25,0.25,0.5,Ses01F_impro07_e1_atr.txt,sad
Ses01F_impro07_F003,2,2,4,0.25,0.25,0.75,Ses01F_impro07_e1_atr.txt,sad
Ses01F_impro07_F004,3,3,3,0.5,0.5,0.5,Ses01F_impro07_e1_atr.txt,happy
Ses01F_impro07_F005,2,1,4,0.25,0.0,0.75,Ses01F_impro07_e1_atr.txt,sad
Ses01F_impro07_F006,3,2,3,0.5,0.25,0.5,Ses01F_impro07_e1_atr.txt,neutral
Ses01F_impro07_F007,2,2,3,0.25,0.25,0.5,Ses01F_impro07_e1_atr.txt,sad
Ses01F_impro07_F008,3,2,3,0.5,0.25,0.5,Ses01F_impro07_e1_atr.txt,neutral
Ses01F_impro07_F009,4,2,2,0.75,0.25,0.25,Ses01F_impro07_e1_atr.txt,afraid
Ses01F_impro07_F010,2,1,3,0.25,0.0,0.5,Ses01F_impro07_e1_atr.txt,sad
Ses01F_impro07_F011,3,2,3,0.5,0.25,0.5,Ses01F_impro07_e1_atr.txt,neutral
Ses01F_impro07_F012,2,2,3,0.25,0.25,0.5,Ses01F_impro07_e1_atr.txt,sad
Ses01F_impro07_F013,3,2,3,0.5,0.25,0.5,Ses01F_impro07_e1_atr.txt,neutral
Ses01F_impro07_F014,3,2,3,0.5,0.25,0.5,Ses01F_impro07_e1_atr.txt,neutral
Ses01F_impro07_F015,3,2,2,0.5,0.25,0.25,Ses01F_impro07_e1_atr.txt,neutral
Ses01F_impro07_F016,2,2,3,0.25,0.25,0.5,Ses01F_impro07_e1_atr.txt,sad
Ses01F_impro07_M000,4,3,2,0.75,0.5,0.25,Ses01F_impro07_e1_atr.txt,neutral
Ses01F_impro07_M001,2,2,3,0.25,0.25,0.5,Ses01F_impro07_e1_atr.txt,sad
Ses01F_impro07_M002,3,2,3,0.5,0.25,0.5,Ses01F_impro07_e1_atr.txt,neutral
Ses01F_impro07_M003,3,2,2,0.5,0.25,0.25,Ses01F_impro07_e1_atr.txt,neutral
Ses01F_impro07_M004,2,2,3,0.25,0.25,0.5,Ses01F_impro07_e1_atr.txt,sad
Ses01F_impro07_M005,2,2,3,0.25,0.25,0.5,Ses01F_impro07_e1_atr.txt,sad
Ses01F_impro07_M006,2,2,3,0.25,0.25,0.5,Ses01F_impro07_e1_atr.txt,sad
Ses01F_impro07_M007,2,2,4,0.25,0.25,0.75,Ses01F_impro07_e1_atr.txt,sad
Ses01F_impro07_M008,4,2,2,0.75,0.25,0.25,Ses01F_impro07_e1_atr.txt,afraid
Ses01F_impro07_M009,3,3,3,0.5,0.5,0.5,Ses01F_impro07_e1_atr.txt,happy
Ses01F_impro07_M010,3,3,2,0.5,0.5,0.25,Ses01F_impro07_e1_atr.txt,happy
Ses01F_impro07_M011,4,3,2,0.75,0.5,0.25,Ses01F_impro07_e1_atr.txt,neutral
Ses01F_impro07_M012,4,3,3,0.75,0.5,0.5,Ses01F_impro07_e1_atr.txt,neutral
Ses01F_impro07_M013,4,2,2,0.75,0.25,0.25,Ses01F_impro07_e1_atr.txt,afraid
Ses01F_impro07_M014,2,2,3,0.25,0.25,0.5,Ses01F_impro07_e1_atr.txt,sad
Ses01F_impro07_M015,2,2,3,0.25,0.25,0.5,Ses01F_impro07_e1_atr.txt,sad
Ses01F_impro07_M016,2,2,3,0.25,0.25,0.5,Ses01F_impro07_e1_atr.txt,sad
Ses01F_impro07_M017,3,2,2,0.5,0.25,0.25,Ses01F_impro07_e1_atr.txt,neutral
Ses01F_impro07_M018,3,2,3,0.5,0.25,0.5,Ses01F_impro07_e1_atr.txt,neutral
Ses01F_impro07_M019,3,2,2,0.5,0.25,0.25,Ses01F_impro07_e1_atr.txt,neutral
Ses01F_impro07_F000,1,1,5,0.0,0.0,1.0,Ses01F_impro07_e2_atr.txt,sad
Ses01F_impro07_F001,1,2,4,0.0,0.25,0.75,Ses01F_impro07_e2_atr.txt,sad
Ses01F_impro07_F002,2,2,3,0.25,0.25,0.5,Ses01F_impro07_e2_atr.txt,sad
Ses01F_impro07_F003,1,1,5,0.0,0.0,1.0,Ses01F_impro07_e2_atr.txt,sad
Ses01F_impro07_F004,2,3,3,0.25,0.5,0.5,Ses01F_impro07_e2_atr.txt,neutral
Ses01F_impro07_F005,1,1,5,0.0,0.0,1.0,Ses01F_impro07_e2_atr.txt,sad
Ses01F_impro07_F006,1,1,4,0.0,0.0,0.75,Ses01F_impro07_e2_atr.txt,sad
Ses01F_impro07_F007,2,2,4,0.25,0.25,0.75,Ses01F_impro07_e2_atr.txt,sad
Ses01F_impro07_F008,3,2,3,0.5,0.25,0.5,Ses01F_impro07_e2_atr.txt,neutral
Ses01F_impro07_F009,2,2,3,0.25,0.25,0.5,Ses01F_impro07_e2_atr.txt,sad
Ses01F_impro07_F010,1,1,5,0.0,0.0,1.0,Ses01F_impro07_e2_atr.txt,sad
Ses01F_impro07_F011,2,2,3,0.25,0.25,0.5,Ses01F_impro07_e2_atr.txt,sad
Ses01F_impro07_F012,2,1,4,0.25,0.0,0.75,Ses01F_impro07_e2_atr.txt,sad
Ses01F_impro07_F013,1,1,5,0.0,0.0,1.0,Ses01F_impro07_e2_atr.txt,sad
Ses01F_impro07_F014,2,2,4,0.25,0.25,0.75,Ses01F_impro07_e2_atr.txt,sad
Ses01F_impro07_F015,1,1,4,0.0,0.0,0.75,Ses01F_impro07_e2_atr.txt,sad
Ses01F_impro07_F016,3,1,3,0.5,0.0,0.5,Ses01F_impro07_e2_atr.txt,neutral
Ses01F_impro07_M000,2,2,2,0.25,0.25,0.25,Ses01F_impro07_e2_atr.txt,sad
Ses01F_impro07_M001,1,1,5,0.0,0.0,1.0,Ses01F_impro07_e2_atr.txt,sad
Ses01F_impro07_M002,1,1,5,0.0,0.0,1.0,Ses01F_impro07_e2_atr.txt,sad
Ses01F_impro07_M003,2,1,3,0.25,0.0,0.5,Ses01F_impro07_e2_atr.txt,sad
Ses01F_impro07_M004,2,2,3,0.25,0.25,0.5,Ses01F_impro07_e2_atr.txt,sad
Ses01F_impro07_M005,1,1,4,0.0,0.0,0.75,Ses01F_impro07_e2_atr.txt,sad
Ses01F_impro07_M006,1,1,4,0.0,0.0,0.75,Ses01F_impro07_e2_atr.txt,sad
Ses01F_impro07_M007,1,1,5,0.0,0.0,1.0,Ses01F_impro07_e2_atr.txt,sad
Ses01F_impro07_M008,2,2,4,0.25,0.25,0.75,Ses01F_impro07_e2_atr.txt,sad
Ses01F_impro07_M009,1,2,4,0.0,0.25,0.75,Ses01F_impro07_e2_atr.txt,sad
Ses01F_impro07_M010,2,2,3,0.25,0.25,0.5,Ses01F_impro07_e2_atr.txt,sad
Ses01F_impro07_M011,3,3,3,0.5,0.5,0.5,Ses01F_impro07_e2_atr.txt,happy
Ses01F_impro07_M012,3,3,3,0.5,0.5,0.5,Ses01F_impro07_e2_atr.txt,happy
Ses01F_impro07_M013,3,2,3,0.5,0.25,0.5,Ses01F_impro07_e2_atr.txt,neutral
Ses01F_impro07_M014,1,2,3,0.0,0.25,0.5,Ses01F_impro07_e2_atr.txt,sad
Ses01F_impro07_M015,2,1,4,0.25,0.0,0.75,Ses01F_impro07_e2_atr.txt,sad
Ses01F_impro07_M016,2,1,3,0.25,0.0,0.5,Ses01F_impro07_e2_atr.txt,sad
Ses01F_impro07_M017,2,2,3,0.25,0.25,0.5,Ses01F_impro07_e2_atr.txt,sad
Ses01F_impro07_M018,3,2,3,0.5,0.25,0.5,Ses01F_impro07_e2_atr.txt,neutral
Ses01F_impro07_M019,1,1,4,0.0,0.0,0.75,Ses01F_impro07_e2_atr.txt,sad
Ses01F_script01_1_F000,3,4,3,0.5,0.75,0.5,Ses01F_script01_1_e2_atr.txt,happy
Ses01F_script01_1_F001,4,4,2,0.75,0.75,0.25,Ses01F_script01_1_e2_atr.txt,excited
Ses01F_script01_1_F002,5,4,3,1.0,0.75,0.5,Ses01F_script01_1_e2_atr.txt,excited
Ses01F_script01_1_F003,3,3,3,0.5,0.5,0.5,Ses01F_script01_1_e2_atr.txt,happy
Ses01F_script01_1_F004,5,4,2,1.0,0.75,0.25,Ses01F_script01_1_e2_atr.txt,excited
Ses01F_script01_1_F005,5,4,3,1.0,0.75,0.5,Ses01F_script01_1_e2_atr.txt,excited
Ses01F_script01_1_F006,5,5,4,1.0,1.0,0.75,Ses01F_script01_1_e2_atr.txt,excited
Ses01F_script01_1_F007,3,3,4,0.5,0.5,0.75,Ses01F_script01_1_e2_atr.txt,happy
Ses01F_script01_1_F008,5,4,3,1.0,0.75,0.5,Ses01F_script01_1_e2_atr.txt,excited
Ses01F_script01_1_F009,4,3,4,0.75,0.5,0.75,Ses01F_script01_1_e2_atr.txt,neutral
Ses01F_script01_1_F010,4,3,4,0.75,0.5,0.75,Ses01F_script01_1_e2_atr.txt,neutral
Ses01F_script01_1_F011,4,4,4,0.75,0.75,0.75,Ses01F_script01_1_e2_atr.txt,excited
Ses01F_script01_1_F012,3,4,4,0.5,0.75,0.75,Ses01F_script01_1_e2_atr.txt,happy
Ses01F_script01_1_F013,2,4,3,0.25,0.75,0.5,Ses01F_script01_1_e2_atr.txt,content
Ses01F_script01_1_F014,5,3,2,1.0,0.5,0.25,Ses01F_script01_1_e2_atr.txt,neutral
Ses01F_script01_1_F015,4,3,3,0.75,0.5,0.5,Ses01F_script01_1_e2_atr.txt,neutral
Ses01F_script01_1_F016,4,3,4,0.75,0.5,0.75,Ses01F_script01_1_e2_atr.txt,neutral
Ses01F_script01_1_F017,4,4,4,0.75,0.75,0.75,Ses01F_script01_1_e2_atr.txt,excited
Ses01F_script01_1_F018,4,4,2,0.75,0.75,0.25,Ses01F_script01_1_e2_atr.txt,excited
Ses01F_script01_1_F019,4,3,2,0.75,0.5,0.25,Ses01F_script01_1_e2_atr.txt,neutral
Ses01F_script01_1_F020,2,4,5,0.25,0.75,1.0,Ses01F_script01_1_e2_atr.txt,content
Ses01F_script01_1_F021,2,4,4,0.25,0.75,0.75,Ses01F_script01_1_e2_atr.txt,content
Ses01F_script01_1_F022,3,4,2,0.5,0.75,0.25,Ses01F_script01_1_e2_atr.txt,happy
Ses01F_script01_1_F023,3,2,2,0.5,0.25,0.25,Ses01F_script01_1_e2_atr.txt,neutral
Ses01F_script01_1_F024,3,4,4,0.5,0.75,0.75,Ses01F_script01_1_e2_atr.txt,happy
Ses01F_script01_1_F025,3,3,4,0.5,0.5,0.75,Ses01F_script01_1_e2_atr.txt,happy
Ses01F_script01_1_F026,3,4,4,0.5,0.75,0.75,Ses01F_script01_1_e2_atr.txt,happy
Ses01F_script01_1_F027,4,4,3,0.75,0.75,0.5,Ses01F_script01_1_e2_atr.txt,excited
Ses01F_script01_1_F028,4,4,4,0.75,0.75,0.75,Ses01F_script01_1_e2_atr.txt,excited
Ses01F_script01_1_F029,3,4,4,0.5,0.75,0.75,Ses01F_script01_1_e2_atr.txt,happy
Ses01F_script01_1_F030,5,3,2,1.0,0.5,0.25,Ses01F_script01_1_e2_atr.txt,neutral
Ses01F_script01_1_F031,3,4,2,0.5,0.75,0.25,Ses01F_script01_1_e2_atr.txt,happy
Ses01F_script01_1_F032,4,4,3,0.75,0.75,0.5,Ses01F_script01_1_e2_atr.txt,excited
Ses01F_script01_1_F033,4,3,4,0.75,0.5,0.75,Ses01F_script01_1_e2_atr.txt,neutral
Ses01F_script01_1_F034,4,4,3,0.75,0.75,0.5,Ses01F_script01_1_e2_atr.txt,excited
Ses01F_script01_1_F035,3,4,4,0.5,0.75,0.75,Ses01F_script01_1_e2_atr.txt,happy
Ses01F_script01_1_F036,2,2,4,0.25,0.25,0.75,Ses01F_script01_1_e2_atr.txt,sad
Ses01F_script01_1_F037,2,5,5,0.25,1.0,1.0,Ses01F_script01_1_e2_atr.txt,content
Ses01F_script01_1_F038,2,4,5,0.25,0.75,1.0,Ses01F_script01_1_e2_atr.txt,content
Ses01F_script01_1_F039,3,4,4,0.5,0.75,0.75,Ses01F_script01_1_e2_atr.txt,happy
Ses01F_script01_1_F040,4,4,4,0.75,0.75,0.75,Ses01F_script01_1_e2_atr.txt,excited
Ses01F_script01_1_F041,2,4,5,0.25,0.75,1.0,Ses01F_script01_1_e2_atr.txt,content
Ses01F_script01_1_F042,2,4,5,0.25,0.75,1.0,Ses01F_script01_1_e2_atr.txt,content
Ses01F_script01_1_F043,4,4,2,0.75,0.75,0.25,Ses01F_script01_1_e2_atr.txt,excited
Ses01F_script01_1_F044,5,3,2,1.0,0.5,0.25,Ses01F_script01_1_e2_atr.txt,neutral
Ses01F_script01_1_M000,4,3,3,0.75,0.5,0.5,Ses01F_script01_1_e2_atr.txt,neutral
Ses01F_script01_1_M001,4,3,3,0.75,0.5,0.5,Ses01F_script01_1_e2_atr.txt,neutral
Ses01F_script01_1_M002,2,3,3,0.25,0.5,0.5,Ses01F_script01_1_e2_atr.txt,neutral
Ses01F_script01_1_M003,3,3,3,0.5,0.5,0.5,Ses01F_script01_1_e2_atr.txt,happy
Ses01F_script01_1_M004,3,3,3,0.5,0.5,0.5,Ses01F_script01_1_e2_atr.txt,happy
Ses01F_script01_1_M005,2,4,3,0.25,0.75,0.5,Ses01F_script01_1_e2_atr.txt,content
Ses01F_script01_1_M006,3,4,3,0.5,0.75,0.5,Ses01F_script01_1_e2_atr.txt,happy
Ses01F_script01_1_M007,2,4,4,0.25,0.75,0.75,Ses01F_script01_1_e2_atr.txt,content
Ses01F_script01_1_M008,3,4,3,0.5,0.75,0.5,Ses01F_script01_1_e2_atr.txt,happy
Ses01F_script01_1_M009,2,4,4,0.25,0.75,0.75,Ses01F_script01_1_e2_atr.txt,content
Ses01F_script01_1_M010,2,3,4,0.25,0.5,0.75,Ses01F_script01_1_e2_atr.txt,neutral
Ses01F_script01_1_M011,4,4,4,0.75,0.75,0.75,Ses01F_script01_1_e2_atr.txt,excited
Ses01F_script01_1_M012,5,3,3,1.0,0.5,0.5,Ses01F_script01_1_e2_atr.txt,neutral
Ses01F_script01_1_M013,4,3,3,0.75,0.5,0.5,Ses01F_script01_1_e2_atr.txt,neutral
Ses01F_script01_1_M014,4,3,4,0.75,0.5,0.75,Ses01F_script01_1_e2_atr.txt,neutral
Ses01F_script01_1_M015,4,3,3,0.75,0.5,0.5,Ses01F_script01_1_e2_atr.txt,neutral
Ses01F_script01_1_M016,3,2,3,0.5,0.25,0.5,Ses01F_script01_1_e2_atr.txt,neutral
Ses01F_script01_1_M017,3,3,3,0.5,0.5,0.5,Ses01F_script01_1_e2_atr.txt,happy
Ses01F_script01_1_M018,2,3,4,0.25,0.5,0.75,Ses01F_script01_1_e2_atr.txt,neutral
Ses01F_script01_1_M019,1,4,4,0.0,0.75,0.75,Ses01F_script01_1_e2_atr.txt,content
Ses01F_script01_1_M020,2,4,4,0.25,0.75,0.75,Ses01F_script01_1_e2_atr.txt,content
Ses01F_script01_1_M021,3,4,3,0.5,0.75,0.5,Ses01F_script01_1_e2_atr.txt,happy
Ses01F_script01_1_M022,3,4,4,0.5,0.75,0.75,Ses01F_script01_1_e2_atr.txt,happy
Ses01F_script01_1_M023,4,3,3,0.75,0.5,0.5,Ses01F_script01_1_e2_atr.txt,neutral
Ses01F_script01_1_M024,4,3,3,0.75,0.5,0.5,Ses01F_script01_1_e2_atr.txt,neutral
Ses01F_script01_1_M025,4,3,4,0.75,0.5,0.75,Ses01F_script01_1_e2_atr.txt,neutral
Ses01F_script01_1_M026,2,4,3,0.25,0.75,0.5,Ses01F_script01_1_e2_atr.txt,content
Ses01F_script01_1_M027,3,3,4,0.5,0.5,0.75,Ses01F_script01_1_e2_atr.txt,happy
Ses01F_script01_1_M028,3,4,2,0.5,0.75,0.25,Ses01F_script01_1_e2_atr.txt,happy
Ses01F_script01_1_M029,2,4,3,0.25,0.75,0.5,Ses01F_script01_1_e2_atr.txt,content
Ses01F_script01_1_M030,1,5,5,0.0,1.0,1.0,Ses01F_script01_1_e2_atr.txt,content
Ses01F_script01_1_M031,3,4,1,0.5,0.75,0.0,Ses01F_script01_1_e2_atr.txt,happy
Ses01F_script01_1_M032,2,3,3,0.25,0.5,0.5,Ses01F_script01_1_e2_atr.txt,neutral
Ses01F_script01_1_M033,4,4,4,0.75,0.75,0.75,Ses01F_script01_1_e2_atr.txt,excited
Ses01F_script01_1_M034,3,3,4,0.5,0.5,0.75,Ses01F_script01_1_e2_atr.txt,happy
Ses01F_script01_1_M035,3,4,3,0.5,0.75,0.5,Ses01F_script01_1_e2_atr.txt,happy
Ses01F_script01_1_M036,3,3,4,0.5,0.5,0.75,Ses01F_script01_1_e2_atr.txt,happy
Ses01F_script01_1_M037,2,3,5,0.25,0.5,1.0,Ses01F_script01_1_e2_atr.txt,neutral
Ses01F_script01_1_M038,2,4,5,0.25,0.75,1.0,Ses01F_script01_1_e2_atr.txt,content
Ses01F_script01_1_M039,4,3,3,0.75,0.5,0.5,Ses01F_script01_1_e2_atr.txt,neutral
Ses01F_script01_1_M040,4,3,3,0.75,0.5,0.5,Ses01F_script01_1_e2_atr.txt,neutral
Ses01F_script01_1_M041,3,4,3,0.5,0.75,0.5,Ses01F_script01_1_e2_atr.txt,happy
Ses01F_script01_1_M042,4,3,4,0.75,0.5,0.75,Ses01F_script01_1_e2_atr.txt,neutral
Ses01F_script01_1_M043,4,3,4,0.75,0.5,0.75,Ses01F_script01_1_e2_atr.txt,neutral
Ses01F_script01_1_F000,4,4,1,0.75,0.75,0.0,Ses01F_script01_1_e3_atr.txt,excited
Ses01F_script01_1_F001,3,4,1,0.5,0.75,0.0,Ses01F_script01_1_e3_atr.txt,happy
Ses01F_script01_1_F002,3,4,2,0.5,0.75,0.25,Ses01F_script01_1_e3_atr.txt,happy
Ses01F_script01_1_F003,3,3,2,0.5,0.5,0.25,Ses01F_script01_1_e3_atr.txt,happy
Ses01F_script01_1_F004,3,4,2,0.5,0.75,0.25,Ses01F_script01_1_e3_atr.txt,happy
Ses01F_script01_1_F005,4,4,1,0.75,0.75,0.0,Ses01F_script01_1_e3_atr.txt,excited
Ses01F_script01_1_F006,3,4,3,0.5,0.75,0.5,Ses01F_script01_1_e3_atr.txt,happy
Ses01F_script01_1_F007,2,4,3,0.25,0.75,0.5,Ses01F_script01_1_e3_atr.txt,content
Ses01F_script01_1_F008,3,4,2,0.5,0.75,0.25,Ses01F_script01_1_e3_atr.txt,happy
Ses01F_script01_1_F009,3,4,4,0.5,0.75,0.75,Ses01F_script01_1_e3_atr.txt,happy
Ses01F_script01_1_F010,3,4,2,0.5,0.75,0.25,Ses01F_script01_1_e3_atr.txt,happy
Ses01F_script01_1_F011,2,4,3,0.25,0.75,0.5,Ses01F_script01_1_e3_atr.txt,content
Ses01F_script01_1_F012,3,4,4,0.5,0.75,0.75,Ses01F_script01_1_e3_atr.txt,happy
Ses01F_script01_1_F013,1,4,4,0.0,0.75,0.75,Ses01F_script01_1_e3_atr.txt,content
Ses01F_script01_1_F014,4,4,2,0.75,0.75,0.25,Ses01F_script01_1_e3_atr.txt,excited
Ses01F_script01_1_F015,4,3,3,0.75,0.5,0.5,Ses01F_script01_1_e3_atr.txt,neutral
Ses01F_script01_1_F016,3,4,2,0.5,0.75,0.25,Ses01F_script01_1_e3_atr.txt,happy
Ses01F_script01_1_F017,2,4,4,0.25,0.75,0.75,Ses01F_script01_1_e3_atr.txt,content
Ses01F_script01_1_F018,3,3,2,0.5,0.5,0.25,Ses01F_script01_1_e3_atr.txt,happy
Ses01F_script01_1_F019,3,3,2,0.5,0.5,0.25,Ses01F_script01_1_e3_atr.txt,happy
Ses01F_script01_1_F020,2,4,4,0.25,0.75,0.75,Ses01F_script01_1_e3_atr.txt,content
Ses01F_script01_1_F021,2,4,4,0.25,0.75,0.75,Ses01F_script01_1_e3_atr.txt,content
Ses01F_script01_1_F022,3,4,2,0.5,0.75,0.25,Ses01F_script01_1_e3_atr.txt,happy
Ses01F_script01_1_F023,4,3,2,0.75,0.5,0.25,Ses01F_script01_1_e3_atr.txt,neutral
Ses01F_script01_1_F024,4,3,1,0.75,0.5,0.0,Ses01F_script01_1_e3_atr.txt,neutral
Ses01F_script01_1_F025,3,4,3,0.5,0.75,0.5,Ses01F_script01_1_e3_atr.txt,happy
Ses01F_script01_1_F026,4,3,2,0.75,0.5,0.25,Ses01F_script01_1_e3_atr.txt,neutral
Ses01F_script01_1_F027,3,4,2,0.5,0.75,0.25,Ses01F_script01_1_e3_atr.txt,happy
Ses01F_script01_1_F028,4,4,1,0.75,0.75,0.0,Ses01F_script01_1_e3_atr.txt,excited
Ses01F_script01_1_F029,2,4,3,0.25,0.75,0.5,Ses01F_script01_1_e3_atr.txt,content
Ses01F_script01_1_F030,3,4,1,0.5,0.75,0.0,Ses01F_script01_1_e3_atr.txt,happy
Ses01F_script01_1_F031,4,3,1,0.75,0.5,0.0,Ses01F_script01_1_e3_atr.txt,neutral
Ses01F_script01_1_F032,4,4,2,0.75,0.75,0.25,Ses01F_script01_1_e3_atr.txt,excited
Ses01F_script01_1_F033,3,4,3,0.5,0.75,0.5,Ses01F_script01_1_e3_atr.txt,happy
Ses01F_script01_1_F034,4,4,1,0.75,0.75,0.0,Ses01F_script01_1_e3_atr.txt,excited
Ses01F_script01_1_F035,2,5,4,0.25,1.0,0.75,Ses01F_script01_1_e3_atr.txt,content
Ses01F_script01_1_F036,2,4,3,0.25,0.75,0.5,Ses01F_script01_1_e3_atr.txt,content
Ses01F_script01_1_F037,1,5,4,0.0,1.0,0.75,Ses01F_script01_1_e3_atr.txt,content
Ses01F_script01_1_F038,3,4,2,0.5,0.75,0.25,Ses01F_script01_1_e3_atr.txt,happy
Ses01F_script01_1_F039,3,4,3,0.5,0.75,0.5,Ses01F_script01_1_e3_atr.txt,happy
Ses01F_script01_1_F040,3,4,4,0.5,0.75,0.75,Ses01F_script01_1_e3_atr.txt,happy
Ses01F_script01_1_F041,1,5,3,0.0,1.0,0.5,Ses01F_script01_1_e3_atr.txt,content
Ses01F_script01_1_F042,3,4,1,0.5,0.75,0.0,Ses01F_script01_1_e3_atr.txt,happy
Ses01F_script01_1_F043,4,4,1,0.75,0.75,0.0,Ses01F_script01_1_e3_atr.txt,excited
Ses01F_script01_1_F044,5,4,1,1.0,0.75,0.0,Ses01F_script01_1_e3_atr.txt,excited
Ses01F_script01_1_M000,5,3,1,1.0,0.5,0.0,Ses01F_script01_1_e3_atr.txt,neutral
Ses01F_script01_1_M001,5,3,1,1.0,0.5,0.0,Ses01F_script01_1_e3_atr.txt,neutral
Ses01F_script01_1_M002,4,4,1,0.75,0.75,0.0,Ses01F_script01_1_e3_atr.txt,excited
Ses01F_script01_1_M003,5,3,1,1.0,0.5,0.0,Ses01F_script01_1_e3_atr.txt,neutral
Ses01F_script01_1_M004,5,3,1,1.0,0.5,0.0,Ses01F_script01_1_e3_atr.txt,neutral
Ses01F_script01_1_M005,4,3,2,0.75,0.5,0.25,Ses01F_script01_1_e3_atr.txt,neutral
Ses01F_script01_1_M006,4,3,2,0.75,0.5,0.25,Ses01F_script01_1_e3_atr.txt,neutral
Ses01F_script01_1_M007,4,3,2,0.75,0.5,0.25,Ses01F_script01_1_e3_atr.txt,neutral
Ses01F_script01_1_M008,4,4,2,0.75,0.75,0.25,Ses01F_script01_1_e3_atr.txt,excited
Ses01F_script01_1_M009,3,4,3,0.5,0.75,0.5,Ses01F_script01_1_e3_atr.txt,happy
Ses01F_script01_1_M010,4,3,3,0.75,0.5,0.5,Ses01F_script01_1_e3_atr.txt,neutral
Ses01F_script01_1_M011,4,4,2,0.75,0.75,0.25,Ses01F_script01_1_e3_atr.txt,excited
Ses01F_script01_1_M012,5,3,1,1.0,0.5,0.0,Ses01F_script01_1_e3_atr.txt,neutral
Ses01F_script01_1_M013,4,3,1,0.75,0.5,0.0,Ses01F_script01_1_e3_atr.txt,neutral
Ses01F_script01_1_M014,5,3,1,1.0,0.5,0.0,Ses01F_script01_1_e3_atr.txt,neutral
Ses01F_script01_1_M015,5,3,2,1.0,0.5,0.25,Ses01F_script01_1_e3_atr.txt,neutral
Ses01F_script01_1_M016,4,2,1,0.75,0.25,0.0,Ses01F_script01_1_e3_atr.txt,afraid
Ses01F_script01_1_M017,4,3,2,0.75,0.5,0.25,Ses01F_script01_1_e3_atr.txt,neutral
Ses01F_script01_1_M018,3,3,3,0.5,0.5,0.5,Ses01F_script01_1_e3_atr.txt,happy
Ses01F_script01_1_M019,2,4,4,0.25,0.75,0.75,Ses01F_script01_1_e3_atr.txt,content
Ses01F_script01_1_M020,2,3,3,0.25,0.5,0.5,Ses01F_script01_1_e3_atr.txt,neutral
Ses01F_script01_1_M021,3,4,1,0.5,0.75,0.0,Ses01F_script01_1_e3_atr.txt,happy
Ses01F_script01_1_M022,3,4,2,0.5,0.75,0.25,Ses01F_script01_1_e3_atr.txt,happy
Ses01F_script01_1_M023,5,3,1,1.0,0.5,0.0,Ses01F_script01_1_e3_atr.txt,neutral
Ses01F_script01_1_M024,5,4,1,1.0,0.75,0.0,Ses01F_script01_1_e3_atr.txt,excited
Ses01F_script01_1_M025,4,4,2,0.75,0.75,0.25,Ses01F_script01_1_e3_atr.txt,excited
Ses01F_script01_1_M026,3,4,2,0.5,0.75,0.25,Ses01F_script01_1_e3_atr.txt,happy
Ses01F_script01_1_M027,4,3,1,0.75,0.5,0.0,Ses01F_script01_1_e3_atr.txt,neutral
Ses01F_script01_1_M028,4,4,1,0.75,0.75,0.0,Ses01F_script01_1_e3_atr.txt,excited
Ses01F_script01_1_M029,4,3,3,0.75,0.5,0.5,Ses01F_script01_1_e3_atr.txt,neutral
Ses01F_script01_1_M030,3,4,4,0.5,0.75,0.75,Ses01F_script01_1_e3_atr.txt,happy
Ses01F_script01_1_M031,5,4,1,1.0,0.75,0.0,Ses01F_script01_1_e3_atr.txt,excited
Ses01F_script01_1_M032,3,4,3,0.5,0.75,0.5,Ses01F_script01_1_e3_atr.txt,happy
Ses01F_script01_1_M033,5,4,1,1.0,0.75,0.0,Ses01F_script01_1_e3_atr.txt,excited
Ses01F_script01_1_M034,4,3,2,0.75,0.5,0.25,Ses01F_script01_1_e3_atr.txt,neutral
Ses01F_script01_1_M035,5,4,1,1.0,0.75,0.0,Ses01F_script01_1_e3_atr.txt,excited
Ses01F_script01_1_M036,3,3,2,0.5,0.5,0.25,Ses01F_script01_1_e3_atr.txt,happy
Ses01F_script01_1_M037,2,3,3,0.25,0.5,0.5,Ses01F_script01_1_e3_atr.txt,neutral
Ses01F_script01_1_M038,3,3,2,0.5,0.5,0.25,Ses01F_script01_1_e3_atr.txt,happy
Ses01F_script01_1_M039,5,3,1,1.0,0.5,0.0,Ses01F_script01_1_e3_atr.txt,neutral
Ses01F_script01_1_M040,5,3,1,1.0,0.5,0.0,Ses01F_script01_1_e3_atr.txt,neutral
Ses01F_script01_1_M041,4,3,1,0.75,0.5,0.0,Ses01F_script01_1_e3_atr.txt,neutral
Ses01F_script01_1_M042,4,3,3,0.75,0.5,0.5,Ses01F_script01_1_e3_atr.txt,neutral
Ses01F_script01_1_M043,4,3,3,0.75,0.5,0.5,Ses01F_script01_1_e3_atr.txt,neutral
Ses01F_script01_2_F000,4,3,2,0.75,0.5,0.25,Ses01F_script01_2_e1_atr.txt,neutral
Ses01F_script01_2_F001,4,3,3,0.75,0.5,0.5,Ses01F_script01_2_e1_atr.txt,neutral
Ses01F_script01_2_F002,3,3,4,0.5,0.5,0.75,Ses01F_script01_2_e1_atr.txt,happy
Ses01F_script01_2_F003,4,3,3,0.75,0.5,0.5,Ses01F_script01_2_e1_atr.txt,neutral
Ses01F_script01_2_F004,4,3,3,0.75,0.5,0.5,Ses01F_script01_2_e1_atr.txt,neutral
Ses01F_script01_2_F005,4,4,4,0.75,0.75,0.75,Ses01F_script01_2_e1_atr.txt,excited
Ses01F_script01_2_F006,3,4,4,0.5,0.75,0.75,Ses01F_script01_2_e1_atr.txt,happy
Ses01F_script01_2_F007,2,4,4,0.25,0.75,0.75,Ses01F_script01_2_e1_atr.txt,content
Ses01F_script01_2_F008,2,4,4,0.25,0.75,0.75,Ses01F_script01_2_e1_atr.txt,content
Ses01F_script01_2_F009,4,4,4,0.75,0.75,0.75,Ses01F_script01_2_e1_atr.txt,excited
Ses01F_script01_2_F010,3,4,4,0.5,0.75,0.75,Ses01F_script01_2_e1_atr.txt,happy
Ses01F_script01_2_F011,3,4,4,0.5,0.75,0.75,Ses01F_script01_2_e1_atr.txt,happy
Ses01F_script01_2_F012,2,4,5,0.25,0.75,1.0,Ses01F_script01_2_e1_atr.txt,content
Ses01F_script01_2_F013,1,5,5,0.0,1.0,1.0,Ses01F_script01_2_e1_atr.txt,content
Ses01F_script01_2_F014,3,4,2,0.5,0.75,0.25,Ses01F_script01_2_e1_atr.txt,happy
Ses01F_script01_2_M000,4,3,2,0.75,0.5,0.25,Ses01F_script01_2_e1_atr.txt,neutral
Ses01F_script01_2_M001,3,3,3,0.5,0.5,0.5,Ses01F_script01_2_e1_atr.txt,happy
Ses01F_script01_2_M002,3,3,3,0.5,0.5,0.5,Ses01F_script01_2_e1_atr.txt,happy
Ses01F_script01_2_M003,3,4,4,0.5,0.75,0.75,Ses01F_script01_2_e1_atr.txt,happy
Ses01F_script01_2_M004,3,3,2,0.5,0.5,0.25,Ses01F_script01_2_e1_atr.txt,happy
Ses01F_script01_2_M005,3,3,2,0.5,0.5,0.25,Ses01F_script01_2_e1_atr.txt,happy
Ses01F_script01_2_M006,3,3,2,0.5,0.5,0.25,Ses01F_script01_2_e1_atr.txt,happy
Ses01F_script01_2_M007,3,3,3,0.5,0.5,0.5,Ses01F_script01_2_e1_atr.txt,happy
Ses01F_script01_2_M008,3,4,2,0.5,0.75,0.25,Ses01F_script01_2_e1_atr.txt,happy
Ses01F_script01_2_M009,3,3,3,0.5,0.5,0.5,Ses01F_script01_2_e1_atr.txt,happy
Ses01F_script01_2_M010,3,4,3,0.5,0.75,0.5,Ses01F_script01_2_e1_atr.txt,happy
Ses01F_script01_2_M011,4,3,2,0.75,0.5,0.25,Ses01F_script01_2_e1_atr.txt,neutral
Ses01F_script01_2_M012,4,4,2,0.75,0.75,0.25,Ses01F_script01_2_e1_atr.txt,excited
Ses01F_script01_2_M013,4,3,3,0.75,0.5,0.5,Ses01F_script01_2_e1_atr.txt,neutral
Ses01F_script01_2_M014,3,4,3,0.5,0.75,0.5,Ses01F_script01_2_e1_atr.txt,happy
Ses01F_script01_2_M015,3,4,4,0.5,0.75,0.75,Ses01F_script01_2_e1_atr.txt,happy
Ses01F_script01_2_M016,3,3,3,0.5,0.5,0.5,Ses01F_script01_2_e1_atr.txt,happy
Ses01F_script01_2_M017,3,4,4,0.5,0.75,0.75,Ses01F_script01_2_e1_atr.txt,happy
Ses01F_script01_2_F000,3,4,4,0.5,0.75,0.75,Ses01F_script01_2_e2_atr.txt,happy
Ses01F_script01_2_F001,4,4,4,0.75,0.75,0.75,Ses01F_script01_2_e2_atr.txt,excited
Ses01F_script01_2_F002,4,4,5,0.75,0.75,1.0,Ses01F_script01_2_e2_atr.txt,excited
Ses01F_script01_2_F003,3,5,5,0.5,1.0,1.0,Ses01F_script01_2_e2_atr.txt,happy
Ses01F_script01_2_F004,3,4,4,0.5,0.75,0.75,Ses01F_script01_2_e2_atr.txt,happy
Ses01F_script01_2_F005,1,5,5,0.0,1.0,1.0,Ses01F_script01_2_e2_atr.txt,content
Ses01F_script01_2_F006,1,5,5,0.0,1.0,1.0,Ses01F_script01_2_e2_atr.txt,content
Ses01F_script01_2_F007,1,5,5,0.0,1.0,1.0,Ses01F_script01_2_e2_atr.txt,content
Ses01F_script01_2_F008,1,5,5,0.0,1.0,1.0,Ses01F_script01_2_e2_atr.txt,content
Ses01F_script01_2_F009,4,5,5,0.75,1.0,1.0,Ses01F_script01_2_e2_atr.txt,excited
Ses01F_script01_2_F010,2,5,5,0.25,1.0,1.0,Ses01F_script01_2_e2_atr.txt,content
Ses01F_script01_2_F011,2,5,5,0.25,1.0,1.0,Ses01F_script01_2_e2_atr.txt,content
Ses01F_script01_2_F012,1,5,5,0.0,1.0,1.0,Ses01F_script01_2_e2_atr.txt,content
Ses01F_script01_2_F013,2,5,5,0.25,1.0,1.0,Ses01F_script01_2_e2_atr.txt,content
Ses01F_script01_2_F014,3,4,3,0.5,0.75,0.5,Ses01F_script01_2_e2_atr.txt,happy
Ses01F_script01_2_M000,3,4,4,0.5,0.75,0.75,Ses01F_script01_2_e2_atr.txt,happy
Ses01F_script01_2_M001,3,3,2,0.5,0.5,0.25,Ses01F_script01_2_e2_atr.txt,happy
Ses01F_script01_2_M002,3,3,3,0.5,0.5,0.5,Ses01F_script01_2_e2_atr.txt,happy
Ses01F_script01_2_M003,2,4,4,0.25,0.75,0.75,Ses01F_script01_2_e2_atr.txt,content
Ses01F_script01_2_M004,3,4,3,0.5,0.75,0.5,Ses01F_script01_2_e2_atr.txt,happy
Ses01F_script01_2_M005,4,3,4,0.75,0.5,0.75,Ses01F_script01_2_e2_atr.txt,neutral
Ses01F_script01_2_M006,2,4,4,0.25,0.75,0.75,Ses01F_script01_2_e2_atr.txt,content
Ses01F_script01_2_M007,2,4,4,0.25,0.75,0.75,Ses01F_script01_2_e2_atr.txt,content
Ses01F_script01_2_M008,2,4,4,0.25,0.75,0.75,Ses01F_script01_2_e2_atr.txt,content
Ses01F_script01_2_M009,3,4,2,0.5,0.75,0.25,Ses01F_script01_2_e2_atr.txt,happy
Ses01F_script01_2_M010,4,5,4,0.75,1.0,0.75,Ses01F_script01_2_e2_atr.txt,excited
Ses01F_script01_2_M011,4,4,4,0.75,0.75,0.75,Ses01F_script01_2_e2_atr.txt,excited
Ses01F_script01_2_M012,4,4,4,0.75,0.75,0.75,Ses01F_script01_2_e2_atr.txt,excited
Ses01F_script01_2_M013,3,4,5,0.5,0.75,1.0,Ses01F_script01_2_e2_atr.txt,happy
Ses01F_script01_2_M014,3,4,5,0.5,0.75,1.0,Ses01F_script01_2_e2_atr.txt,happy
Ses01F_script01_2_M015,1,5,5,0.0,1.0,1.0,Ses01F_script01_2_e2_atr.txt,content
Ses01F_script01_2_M016,2,4,5,0.25,0.75,1.0,Ses01F_script01_2_e2_atr.txt,content
Ses01F_script01_2_M017,1,5,5,0.0,1.0,1.0,Ses01F_script01_2_e2_atr.txt,content
Ses01F_script01_3_F000,4,2,4,0.75,0.25,0.75,Ses01F_script01_3_e1_atr.txt,angry
Ses01F_script01_3_F001,4,2,3,0.75,0.25,0.5,Ses01F_script01_3_e1_atr.txt,neutral
Ses01F_script01_3_F002,4,3,3,0.75,0.5,0.5,Ses01F_script01_3_e1_atr.txt,neutral
Ses01F_script01_3_F003,4,3,2,0.75,0.5,0.25,Ses01F_script01_3_e1_atr.txt,neutral
Ses01F_script01_3_F004,3,2,3,0.5,0.25,0.5,Ses01F_script01_3_e1_atr.txt,neutral
Ses01F_script01_3_F005,4,3,2,0.75,0.5,0.25,Ses01F_script01_3_e1_atr.txt,neutral
Ses01F_script01_3_F006,4,3,2,0.75,0.5,0.25,Ses01F_script01_3_e1_atr.txt,neutral
Ses01F_script01_3_F007,4,4,2,0.75,0.75,0.25,Ses01F_script01_3_e1_atr.txt,excited
Ses01F_script01_3_F008,3,2,3,0.5,0.25,0.5,Ses01F_script01_3_e1_atr.txt,neutral
Ses01F_script01_3_F009,3,2,3,0.5,0.25,0.5,Ses01F_script01_3_e1_atr.txt,neutral
Ses01F_script01_3_F010,2,2,3,0.25,0.25,0.5,Ses01F_script01_3_e1_atr.txt,sad
Ses01F_script01_3_F011,2,2,3,0.25,0.25,0.5,Ses01F_script01_3_e1_atr.txt,sad
Ses01F_script01_3_F012,1,1,2,0.0,0.0,0.25,Ses01F_script01_3_e1_atr.txt,sad
Ses01F_script01_3_F013,2,2,3,0.25,0.25,0.5,Ses01F_script01_3_e1_atr.txt,sad
Ses01F_script01_3_F014,3,3,3,0.5,0.5,0.5,Ses01F_script01_3_e1_atr.txt,happy
Ses01F_script01_3_F015,4,3,3,0.75,0.5,0.5,Ses01F_script01_3_e1_atr.txt,neutral
Ses01F_script01_3_F016,4,4,2,0.75,0.75,0.25,Ses01F_script01_3_e1_atr.txt,excited
Ses01F_script01_3_F017,3,2,3,0.5,0.25,0.5,Ses01F_script01_3_e1_atr.txt,neutral
Ses01F_script01_3_F018,1,1,5,0.0,0.0,1.0,Ses01F_script01_3_e1_atr.txt,sad
Ses01F_script01_3_F019,2,2,2,0.25,0.25,0.25,Ses01F_script01_3_e1_atr.txt,sad
Ses01F_script01_3_F020,2,1,4,0.25,0.0,0.75,Ses01F_script01_3_e1_atr.txt,sad
Ses01F_script01_3_F021,3,2,3,0.5,0.25,0.5,Ses01F_script01_3_e1_atr.txt,neutral
Ses01F_script01_3_F022,4,2,3,0.75,0.25,0.5,Ses01F_script01_3_e1_atr.txt,neutral
Ses01F_script01_3_F023,4,4,3,0.75,0.75,0.5,Ses01F_script01_3_e1_atr.txt,excited
Ses01F_script01_3_F024,4,4,4,0.75,0.75,0.75,Ses01F_script01_3_e1_atr.txt,excited
Ses01F_script01_3_F025,4,3,3,0.75,0.5,0.5,Ses01F_script01_3_e1_atr.txt,neutral
Ses01F_script01_3_F026,4,3,3,0.75,0.5,0.5,Ses01F_script01_3_e1_atr.txt,neutral
Ses01F_script01_3_F027,4,4,2,0.75,0.75,0.25,Ses01F_script01_3_e1_atr.txt,excited
Ses01F_script01_3_F028,4,4,2,0.75,0.75,0.25,Ses01F_script01_3_e1_atr.txt,excited
Ses01F_script01_3_F029,4,4,2,0.75,0.75,0.25,Ses01F_script01_3_e1_atr.txt,excited
Ses01F_script01_3_F030,4,4,1,0.75,0.75,0.0,Ses01F_script01_3_e1_atr.txt,excited
Ses01F_script01_3_F031,5,4,1,1.0,0.75,0.0,Ses01F_script01_3_e1_atr.txt,excited
Ses01F_script01_3_F032,4,3,2,0.75,0.5,0.25,Ses01F_script01_3_e1_atr.txt,neutral
Ses01F_script01_3_F033,3,4,4,0.5,0.75,0.75,Ses01F_script01_3_e1_atr.txt,happy
Ses01F_script01_3_F034,3,3,4,0.5,0.5,0.75,Ses01F_script01_3_e1_atr.txt,happy
Ses01F_script01_3_F035,4,2,3,0.75,0.25,0.5,Ses01F_script01_3_e1_atr.txt,neutral
Ses01F_script01_3_M000,4,2,2,0.75,0.25,0.25,Ses01F_script01_3_e1_atr.txt,afraid
Ses01F_script01_3_M001,3,3,3,0.5,0.5,0.5,Ses01F_script01_3_e1_atr.txt,happy
Ses01F_script01_3_M002,4,4,3,0.75,0.75,0.5,Ses01F_script01_3_e1_atr.txt,excited
Ses01F_script01_3_M003,3,2,2,0.5,0.25,0.25,Ses01F_script01_3_e1_atr.txt,neutral
Ses01F_script01_3_M004,2,3,2,0.25,0.5,0.25,Ses01F_script01_3_e1_atr.txt,neutral
Ses01F_script01_3_M005,3,2,3,0.5,0.25,0.5,Ses01F_script01_3_e1_atr.txt,neutral
Ses01F_script01_3_M006,4,2,2,0.75,0.25,0.25,Ses01F_script01_3_e1_atr.txt,afraid
Ses01F_script01_3_M007,3,3,3,0.5,0.5,0.5,Ses01F_script01_3_e1_atr.txt,happy
Ses01F_script01_3_M008,2,2,3,0.25,0.25,0.5,Ses01F_script01_3_e1_atr.txt,sad
Ses01F_script01_3_M009,1,1,3,0.0,0.0,0.5,Ses01F_script01_3_e1_atr.txt,sad
Ses01F_script01_3_M010,1,1,4,0.0,0.0,0.75,Ses01F_script01_3_e1_atr.txt,sad
Ses01F_script01_3_M011,2,3,3,0.25,0.5,0.5,Ses01F_script01_3_e1_atr.txt,neutral
Ses01F_script01_3_M012,3,3,4,0.5,0.5,0.75,Ses01F_script01_3_e1_atr.txt,happy
Ses01F_script01_3_M013,3,4,2,0.5,0.75,0.25,Ses01F_script01_3_e1_atr.txt,happy
Ses01F_script01_3_M014,3,2,3,0.5,0.25,0.5,Ses01F_script01_3_e1_atr.txt,neutral
Ses01F_script01_3_M015,2,2,4,0.25,0.25,0.75,Ses01F_script01_3_e1_atr.txt,sad
Ses01F_script01_3_M016,2,2,2,0.25,0.25,0.25,Ses01F_script01_3_e1_atr.txt,sad
Ses01F_script01_3_M017,3,2,3,0.5,0.25,0.5,Ses01F_script01_3_e1_atr.txt,neutral
Ses01F_script01_3_M018,1,1,4,0.0,0.0,0.75,Ses01F_script01_3_e1_atr.txt,sad
Ses01F_script01_3_M019,3,2,4,0.5,0.25,0.75,Ses01F_script01_3_e1_atr.txt,neutral
Ses01F_script01_3_M020,2,2,3,0.25,0.25,0.5,Ses01F_script01_3_e1_atr.txt,sad
Ses01F_script01_3_M021,3,4,3,0.5,0.75,0.5,Ses01F_script01_3_e1_atr.txt,happy
Ses01F_script01_3_M022,4,3,2,0.75,0.5,0.25,Ses01F_script01_3_e1_atr.txt,neutral
Ses01F_script01_3_M023,3,4,3,0.5,0.75,0.5,Ses01F_script01_3_e1_atr.txt,happy
Ses01F_script01_3_M024,3,3,3,0.5,0.5,0.5,Ses01F_script01_3_e1_atr.txt,happy
Ses01F_script01_3_M025,3,3,3,0.5,0.5,0.5,Ses01F_script01_3_e1_atr.txt,happy
Ses01F_script01_3_M026,4,4,3,0.75,0.75,0.5,Ses01F_script01_3_e1_atr.txt,excited
Ses01F_script01_3_M027,4,3,3,0.75,0.5,0.5,Ses01F_script01_3_e1_atr.txt,neutral
Ses01F_script01_3_M028,3,4,4,0.5,0.75,0.75,Ses01F_script01_3_e1_atr.txt,happy
Ses01F_script01_3_M029,3,3,4,0.5,0.5,0.75,Ses01F_script01_3_e1_atr.txt,happy
Ses01F_script01_3_M030,3,4,4,0.5,0.75,0.75,Ses01F_script01_3_e1_atr.txt,happy
Ses01F_script01_3_M031,3,4,5,0.5,0.75,1.0,Ses01F_script01_3_e1_atr.txt,happy
Ses01F_script01_3_M032,2,4,5,0.25,0.75,1.0,Ses01F_script01_3_e1_atr.txt,content
Ses01F_script01_3_M033,2,4,4,0.25,0.75,0.75,Ses01F_script01_3_e1_atr.txt,content
Ses01F_script01_3_M034,3,5,4,0.5,1.0,0.75,Ses01F_script01_3_e1_atr.txt,happy
Ses01F_script01_3_M035,2,4,4,0.25,0.75,0.75,Ses01F_script01_3_e1_atr.txt,content
Ses01F_script01_3_M036,3,4,3,0.5,0.75,0.5,Ses01F_script01_3_e1_atr.txt,happy
Ses01F_script01_3_M037,4,3,2,0.75,0.5,0.25,Ses01F_script01_3_e1_atr.txt,neutral
Ses01F_script01_3_M038,3,2,3,0.5,0.25,0.5,Ses01F_script01_3_e1_atr.txt,neutral
